"","nhood_month_year","buyout_amount","Count","avg_buyout"
"1","1 2016 Castro/Upper Market",106750,2,53375
"2","1 2016 Excelsior",40000,1,40000
"3","1 2016 Haight Ashbury",111703.46,3,37234.4866666667
"4","1 2016 Inner Sunset",20000,1,20000
"5","1 2016 Marina",99500,3,33166.6666666667
"6","1 2016 Mission",1e+05,1,1e+05
"7","1 2016 Nob Hill",5000,1,5000
"8","1 2016 Noe Valley",48500,1,48500
"9","1 2016 Oceanview/Merced/Ingleside",12500,1,12500
"10","1 2016 Outer Mission",5553,1,5553
"11","1 2016 South of Market",22500,1,22500
"12","1 2016 Sunset/Parkside",13820,3,4606.66666666667
"13","1 2016 Twin Peaks",23283.42,1,23283.42
"14","1 2016 Visitacion Valley",44000,2,22000
"15","1 2016 West of Twin Peaks",83200,3,27733.3333333333
"16","1 2017 Bayview Hunters Point",85950,2,42975
"17","1 2017 Bernal Heights",40000,1,40000
"18","1 2017 Excelsior",22597,1,22597
"19","1 2017 Haight Ashbury",49552.5,1,49552.5
"20","1 2017 Hayes Valley",85000,2,42500
"21","1 2017 Inner Richmond",32500,1,32500
"22","1 2017 Marina",1e+05,1,1e+05
"23","1 2017 Mission",150175.63,3,50058.5433333333
"24","1 2017 Noe Valley",117670,2,58835
"25","1 2017 Oceanview/Merced/Ingleside",30000,1,30000
"26","1 2017 Outer Richmond",102000,2,51000
"27","1 2017 Pacific Heights",35000,2,17500
"28","1 2017 Potrero Hill",69649,1,69649
"29","1 2017 Russian Hill",95000,1,95000
"30","1 2017 Sunset/Parkside",65000,2,32500
"31","1 2017 West of Twin Peaks",12000,1,12000
"32","1 2018 Bayview Hunters Point",31458,2,15729
"33","1 2018 Castro/Upper Market",1e+05,1,1e+05
"34","1 2018 Excelsior",6500,1,6500
"35","1 2018 Financial District/South Beach",138000,1,138000
"36","1 2018 Glen Park",56500,1,56500
"37","1 2018 Haight Ashbury",95000,2,47500
"38","1 2018 Inner Richmond",12600,1,12600
"39","1 2018 Lakeshore",14200,1,14200
"40","1 2018 Lone Mountain/USF",45000,1,45000
"41","1 2018 Marina",30000,1,30000
"42","1 2018 Mission",130000,3,43333.3333333333
"43","1 2018 Nob Hill",0,1,0
"44","1 2018 Outer Mission",32000,1,32000
"45","1 2018 Outer Richmond",24186,2,12093
"46","1 2018 Presidio Heights",24500,1,24500
"47","1 2018 Sunset/Parkside",84749,2,42374.5
"48","1 2018 West of Twin Peaks",20000,1,20000
"49","1 2018 Western Addition",21687.5,1,21687.5
"50","1 2019 Hayes Valley",37635.94,2,18817.97
"51","1 2019 Inner Richmond",25578.02,1,25578.02
"52","1 2019 Inner Sunset",92500,2,46250
"53","1 2019 Lone Mountain/USF",NA,1,NA
"54","1 2019 Mission",2e+05,2,1e+05
"55","1 2019 Nob Hill",18000,1,18000
"56","1 2019 Oceanview/Merced/Ingleside",25000,1,25000
"57","1 2019 Pacific Heights",NA,5,NA
"58","1 2019 Potrero Hill",6627,1,6627
"59","1 2019 Russian Hill",35000,2,17500
"60","1 2019 Sunset/Parkside",257404,3,85801.3333333333
"61","1 2019 Twin Peaks",65000,1,65000
"62","1 2019 West of Twin Peaks",125123,3,41707.6666666667
"63","1 2020 Castro/Upper Market",286267.02,4,71566.755
"64","1 2020 Haight Ashbury",272500,2,136250
"65","1 2020 Hayes Valley",71500,2,35750
"66","1 2020 Inner Richmond",1e+05,1,1e+05
"67","1 2020 Lone Mountain/USF",113450.22,2,56725.11
"68","1 2020 Marina",102143.13,3,34047.71
"69","1 2020 Mission",245000,2,122500
"70","1 2020 Nob Hill",65124.59,3,21708.1966666667
"71","1 2020 Noe Valley",69000,2,34500
"72","1 2020 North Beach",3200,1,3200
"73","1 2020 Oceanview/Merced/Ingleside",9280,1,9280
"74","1 2020 Outer Mission",75000,2,37500
"75","1 2020 Outer Richmond",7000,1,7000
"76","1 2020 Portola",32500,1,32500
"77","1 2020 Potrero Hill",17341,1,17341
"78","1 2020 Presidio Heights",30000,1,30000
"79","1 2020 Sunset/Parkside",35000,1,35000
"80","1 2021 Castro/Upper Market",55000,1,55000
"81","1 2021 Inner Richmond",5000,1,5000
"82","1 2021 Inner Sunset",9000,1,9000
"83","1 2021 Lone Mountain/USF",62000,1,62000
"84","1 2021 Mission",229500,5,45900
"85","1 2021 Nob Hill",93590,2,46795
"86","1 2021 Noe Valley",87000,2,43500
"87","1 2021 Oceanview/Merced/Ingleside",30000,1,30000
"88","1 2021 Outer Richmond",71785,2,35892.5
"89","1 2021 Russian Hill",60000,1,60000
"90","1 2021 Sunset/Parkside",NA,2,NA
"91","1 2021 Tenderloin",8000,2,4000
"92","1 2021 Twin Peaks",45300,1,45300
"93","1 2022 Bernal Heights",67000,2,33500
"94","1 2022 Financial District/South Beach",117500,1,117500
"95","1 2022 Haight Ashbury",38000,1,38000
"96","1 2022 Hayes Valley",27494.21,2,13747.105
"97","1 2022 Inner Sunset",40000,1,40000
"98","1 2022 Lone Mountain/USF",49407.1,1,49407.1
"99","1 2022 Marina",278294,3,92764.6666666667
"100","1 2022 Mission",115000,1,115000
"101","1 2022 Oceanview/Merced/Ingleside",42000,1,42000
"102","1 2022 Outer Mission",20000,1,20000
"103","1 2022 Outer Richmond",422500,4,105625
"104","1 2022 Potrero Hill",10000,1,10000
"105","1 2022 Presidio Heights",17618.12,1,17618.12
"106","1 2022 Sunset/Parkside",176729,7,25247
"107","10 2015 Castro/Upper Market",91500,2,45750
"108","10 2015 Haight Ashbury",220973.85,4,55243.4625
"109","10 2015 Inner Richmond",24375.5,1,24375.5
"110","10 2015 Inner Sunset",68354,2,34177
"111","10 2015 Marina",20000,1,20000
"112","10 2015 Mission",34500,1,34500
"113","10 2015 Nob Hill",12500,1,12500
"114","10 2015 Outer Richmond",51151,2,25575.5
"115","10 2015 Pacific Heights",164500,2,82250
"116","10 2015 Sunset/Parkside",201500,5,40300
"117","10 2015 Western Addition",31250,1,31250
"118","10 2016 Bernal Heights",NA,3,NA
"119","10 2016 Haight Ashbury",80600,3,26866.6666666667
"120","10 2016 Hayes Valley",6000,1,6000
"121","10 2016 Inner Sunset",75000,1,75000
"122","10 2016 Lone Mountain/USF",90000,1,90000
"123","10 2016 Marina",30000,1,30000
"124","10 2016 Mission",109770.74,4,27442.685
"125","10 2016 Nob Hill",7200,1,7200
"126","10 2016 Noe Valley",75000,2,37500
"127","10 2016 North Beach",70000,1,70000
"128","10 2016 Outer Richmond",110797,2,55398.5
"129","10 2016 Pacific Heights",51311.84,3,17103.9466666667
"130","10 2016 Potrero Hill",34505,2,17252.5
"131","10 2016 Sunset/Parkside",61300,1,61300
"132","10 2016 Visitacion Valley",25937.5,1,25937.5
"133","10 2017 Bayview Hunters Point",36946,2,18473
"134","10 2017 Bernal Heights",17000,1,17000
"135","10 2017 Castro/Upper Market",111225,2,55612.5
"136","10 2017 Excelsior",35100,4,8775
"137","10 2017 Haight Ashbury",81620.29,3,27206.7633333333
"138","10 2017 Inner Richmond",17000,1,17000
"139","10 2017 Inner Sunset",41750,2,20875
"140","10 2017 Japantown",82500,1,82500
"141","10 2017 Nob Hill",27219,1,27219
"142","10 2017 Oceanview/Merced/Ingleside",55000,1,55000
"143","10 2017 Outer Mission",45000,1,45000
"144","10 2017 Outer Richmond",21000,1,21000
"145","10 2017 Potrero Hill",20000,1,20000
"146","10 2017 Presidio Heights",20000,1,20000
"147","10 2017 Russian Hill",75000,2,37500
"148","10 2017 Sunset/Parkside",15000,1,15000
"149","10 2017 Tenderloin",11000,1,11000
"150","10 2017 West of Twin Peaks",47500,1,47500
"151","10 2017 Western Addition",25640,1,25640
"152","10 2018 Bernal Heights",18500,1,18500
"153","10 2018 Chinatown",90878,2,45439
"154","10 2018 Excelsior",33500,1,33500
"155","10 2018 Glen Park",20000,1,20000
"156","10 2018 Haight Ashbury",75000,3,25000
"157","10 2018 Inner Richmond",209962.87,2,104981.435
"158","10 2018 Inner Sunset",30000,1,30000
"159","10 2018 Marina",70000,2,35000
"160","10 2018 Mission",266412.75,5,53282.55
"161","10 2018 Nob Hill",15000,1,15000
"162","10 2018 Outer Mission",130000,2,65000
"163","10 2018 Outer Richmond",99000,3,33000
"164","10 2018 Pacific Heights",211570.43,2,105785.215
"165","10 2018 Portola",25000,1,25000
"166","10 2018 Potrero Hill",20000,1,20000
"167","10 2018 Sunset/Parkside",87000,2,43500
"168","10 2018 Tenderloin",13000,1,13000
"169","10 2019 Bayview Hunters Point",25000,1,25000
"170","10 2019 Castro/Upper Market",295000,2,147500
"171","10 2019 Haight Ashbury",48053.21,3,16017.7366666667
"172","10 2019 Hayes Valley",75326.1,1,75326.1
"173","10 2019 Inner Richmond",49555.66,1,49555.66
"174","10 2019 Lakeshore",35000,1,35000
"175","10 2019 Mission",57000,2,28500
"176","10 2019 Noe Valley",1e+05,1,1e+05
"177","10 2019 North Beach",30000,1,30000
"178","10 2019 Oceanview/Merced/Ingleside",60000,1,60000
"179","10 2019 Outer Mission",60000,1,60000
"180","10 2019 Outer Richmond",NA,1,NA
"181","10 2019 Pacific Heights",75200,1,75200
"182","10 2019 Portola",10000,1,10000
"183","10 2019 Russian Hill",35000,2,17500
"184","10 2019 Sunset/Parkside",25000,1,25000
"185","10 2019 Tenderloin",500,1,500
"186","10 2019 West of Twin Peaks",50769.5,4,12692.375
"187","10 2019 Western Addition",0,1,0
"188","10 2020 Bernal Heights",208000,2,104000
"189","10 2020 Castro/Upper Market",102369,3,34123
"190","10 2020 Chinatown",4025,1,4025
"191","10 2020 Glen Park",45000,1,45000
"192","10 2020 Haight Ashbury",86794,1,86794
"193","10 2020 Hayes Valley",20498.45,1,20498.45
"194","10 2020 Inner Richmond",50000,1,50000
"195","10 2020 Inner Sunset",21000,1,21000
"196","10 2020 Lone Mountain/USF",111087.92,2,55543.96
"197","10 2020 Marina",100002,3,33334
"198","10 2020 Mission",367617.08,6,61269.5133333333
"199","10 2020 Nob Hill",56799.75,3,18933.25
"200","10 2020 North Beach",30000,2,15000
"201","10 2020 Outer Mission",35000,1,35000
"202","10 2020 Pacific Heights",12792,1,12792
"203","10 2020 Russian Hill",30000,1,30000
"204","10 2020 Sunset/Parkside",105000,2,52500
"205","10 2020 Twin Peaks",26034.36,1,26034.36
"206","10 2020 Western Addition",40000,1,40000
"207","10 2021 Bernal Heights",83300,3,27766.6666666667
"208","10 2021 Castro/Upper Market",343000,4,85750
"209","10 2021 Excelsior",166200,2,83100
"210","10 2021 Glen Park",14828,1,14828
"211","10 2021 Haight Ashbury",15000,1,15000
"212","10 2021 Inner Richmond",100715.74,2,50357.87
"213","10 2021 Marina",40000,1,40000
"214","10 2021 Mission",23900,1,23900
"215","10 2021 Nob Hill",55000,2,27500
"216","10 2021 Noe Valley",125000,2,62500
"217","10 2021 North Beach",15000,1,15000
"218","10 2021 Outer Richmond",166000,5,33200
"219","10 2021 Russian Hill",160796.46,2,80398.23
"220","10 2021 South of Market",8700,1,8700
"221","10 2021 Sunset/Parkside",226650,4,56662.5
"222","10 2021 Visitacion Valley",22000,1,22000
"223","10 2021 West of Twin Peaks",102000,2,51000
"224","11 2015 Bayview Hunters Point",12606.13,1,12606.13
"225","11 2015 Castro/Upper Market",25000,1,25000
"226","11 2015 Lone Mountain/USF",25000,2,12500
"227","11 2015 Mission",210733.32,4,52683.33
"228","11 2015 Noe Valley",80000,1,80000
"229","11 2015 North Beach",55000,1,55000
"230","11 2015 Oceanview/Merced/Ingleside",29000,1,29000
"231","11 2015 Outer Richmond",142000,3,47333.3333333333
"232","11 2015 Pacific Heights",69500,1,69500
"233","11 2015 Potrero Hill",28000,1,28000
"234","11 2015 Seacliff",45068.8,1,45068.8
"235","11 2015 Sunset/Parkside",75000,2,37500
"236","11 2015 Visitacion Valley",32500,1,32500
"237","11 2015 Western Addition",97000,2,48500
"238","11 2016 Bernal Heights",40750,2,20375
"239","11 2016 Castro/Upper Market",125000,2,62500
"240","11 2016 Haight Ashbury",90000,1,90000
"241","11 2016 Hayes Valley",54757.13,2,27378.565
"242","11 2016 Inner Sunset",182000,2,91000
"243","11 2016 Lone Mountain/USF",35140,2,17570
"244","11 2016 Marina",198500,3,66166.6666666667
"245","11 2016 Mission",NA,5,NA
"246","11 2016 Nob Hill",43000,2,21500
"247","11 2016 Noe Valley",20000,1,20000
"248","11 2016 Outer Richmond",204550,4,51137.5
"249","11 2016 Pacific Heights",93578.52,3,31192.84
"250","11 2016 Portola",52140,1,52140
"251","11 2016 Potrero Hill",42500,1,42500
"252","11 2016 Russian Hill",40000,1,40000
"253","11 2016 Sunset/Parkside",146860.24,4,36715.06
"254","11 2016 Twin Peaks",30000,1,30000
"255","11 2016 Visitacion Valley",30000,1,30000
"256","11 2017 Bayview Hunters Point",75000,1,75000
"257","11 2017 Bernal Heights",17000,1,17000
"258","11 2017 Castro/Upper Market",109000,3,36333.3333333333
"259","11 2017 Chinatown",20000,1,20000
"260","11 2017 Excelsior",22112,3,7370.66666666667
"261","11 2017 Haight Ashbury",91068.8,4,22767.2
"262","11 2017 Hayes Valley",275000,3,91666.6666666667
"263","11 2017 Marina",80985.54,1,80985.54
"264","11 2017 McLaren Park",6800,1,6800
"265","11 2017 Noe Valley",277066,4,69266.5
"266","11 2017 North Beach",50000,1,50000
"267","11 2017 Oceanview/Merced/Ingleside",73676,2,36838
"268","11 2017 Potrero Hill",136090,3,45363.3333333333
"269","11 2017 Presidio Heights",55000,1,55000
"270","11 2017 Sunset/Parkside",45743,3,15247.6666666667
"271","11 2017 Twin Peaks",65000,1,65000
"272","11 2017 Western Addition",10000,1,10000
"273","11 2018 Bayview Hunters Point",9000,1,9000
"274","11 2018 Bernal Heights",15000,1,15000
"275","11 2018 Castro/Upper Market",2e+05,1,2e+05
"276","11 2018 Excelsior",35368.5,1,35368.5
"277","11 2018 Hayes Valley",21209.76,1,21209.76
"278","11 2018 Inner Richmond",15000,1,15000
"279","11 2018 McLaren Park",35000,1,35000
"280","11 2018 Mission",172099,3,57366.3333333333
"281","11 2018 Noe Valley",70000,2,35000
"282","11 2018 Oceanview/Merced/Ingleside",76000,3,25333.3333333333
"283","11 2018 Outer Mission",20000,1,20000
"284","11 2018 Pacific Heights",10000,1,10000
"285","11 2018 Potrero Hill",30000,1,30000
"286","11 2018 Russian Hill",331866.64,4,82966.66
"287","11 2018 Sunset/Parkside",124555,4,31138.75
"288","11 2018 Twin Peaks",50000,1,50000
"289","11 2018 West of Twin Peaks",NA,3,NA
"290","11 2019 Bayview Hunters Point",20000,1,20000
"291","11 2019 Bernal Heights",85000,1,85000
"292","11 2019 Castro/Upper Market",257500,4,64375
"293","11 2019 Excelsior",37000,2,18500
"294","11 2019 Inner Sunset",46068.88,2,23034.44
"295","11 2019 Marina",55594,2,27797
"296","11 2019 Mission",456000,7,65142.8571428571
"297","11 2019 Nob Hill",47000,1,47000
"298","11 2019 Noe Valley",142000,2,71000
"299","11 2019 North Beach",325000,1,325000
"300","11 2019 Outer Richmond",197000,3,65666.6666666667
"301","11 2019 Pacific Heights",102517,3,34172.3333333333
"302","11 2019 Portola",45000,1,45000
"303","11 2019 Russian Hill",223014,2,111507
"304","11 2019 Sunset/Parkside",112000,2,56000
"305","11 2019 Tenderloin",20034,1,20034
"306","11 2019 West of Twin Peaks",13945,1,13945
"307","11 2020 Bernal Heights",NA,2,NA
"308","11 2020 Excelsior",42130,1,42130
"309","11 2020 Haight Ashbury",5000,1,5000
"310","11 2020 Inner Richmond",109955,3,36651.6666666667
"311","11 2020 Mission",NA,10,NA
"312","11 2020 Noe Valley",323975,2,161987.5
"313","11 2020 Pacific Heights",NA,1,NA
"314","11 2020 Presidio Heights",65000,1,65000
"315","11 2020 Russian Hill",50000,1,50000
"316","11 2020 South of Market",3400,1,3400
"317","11 2020 Sunset/Parkside",152075,6,25345.8333333333
"318","11 2020 Tenderloin",14000,2,7000
"319","11 2020 Visitacion Valley",48000,1,48000
"320","11 2020 Western Addition",12311.54,3,4103.84666666667
"321","11 2021 Castro/Upper Market",65000,1,65000
"322","11 2021 Excelsior",18000,1,18000
"323","11 2021 Hayes Valley",65976.15,2,32988.075
"324","11 2021 Inner Richmond",199260,3,66420
"325","11 2021 Inner Sunset",19000,1,19000
"326","11 2021 Mission",200335,5,40067
"327","11 2021 Noe Valley",94745,2,47372.5
"328","11 2021 North Beach",51600,3,17200
"329","11 2021 Oceanview/Merced/Ingleside",50000,2,25000
"330","11 2021 Outer Richmond",40000,1,40000
"331","11 2021 Potrero Hill",181280,1,181280
"332","11 2021 Sunset/Parkside",177600,4,44400
"333","11 2021 Visitacion Valley",25000,1,25000
"334","11 2021 West of Twin Peaks",46105,1,46105
"335","12 2015 Castro/Upper Market",240373.86,4,60093.465
"336","12 2015 Mission",322991.03,7,46141.5757142857
"337","12 2015 Nob Hill",8000,1,8000
"338","12 2015 Noe Valley",54000,1,54000
"339","12 2015 Outer Mission",7000,1,7000
"340","12 2015 Outer Richmond",8000,1,8000
"341","12 2015 Pacific Heights",25000,2,12500
"342","12 2015 Russian Hill",20000,1,20000
"343","12 2015 Sunset/Parkside",27000,1,27000
"344","12 2015 Twin Peaks",10000,1,10000
"345","12 2015 Visitacion Valley",16560,1,16560
"346","12 2015 Western Addition",8586,1,8586
"347","12 2016 Castro/Upper Market",11780,1,11780
"348","12 2016 Excelsior",40000,2,20000
"349","12 2016 Haight Ashbury",64633,1,64633
"350","12 2016 Hayes Valley",52333.16,1,52333.16
"351","12 2016 Lone Mountain/USF",155000,2,77500
"352","12 2016 Mission",102500,2,51250
"353","12 2016 Nob Hill",25000,1,25000
"354","12 2016 Noe Valley",348314.7,4,87078.675
"355","12 2016 Outer Richmond",35000,1,35000
"356","12 2016 Potrero Hill",91993,2,45996.5
"357","12 2016 Presidio Heights",35040,1,35040
"358","12 2016 Russian Hill",25000,1,25000
"359","12 2016 Sunset/Parkside",7000,1,7000
"360","12 2016 West of Twin Peaks",26000,2,13000
"361","12 2017 Castro/Upper Market",158500,5,31700
"362","12 2017 Chinatown",285000,1,285000
"363","12 2017 Excelsior",30000,1,30000
"364","12 2017 Glen Park",60000,1,60000
"365","12 2017 Hayes Valley",20000,1,20000
"366","12 2017 Inner Richmond",41000,1,41000
"367","12 2017 Inner Sunset",8181,1,8181
"368","12 2017 Japantown",10203.48,1,10203.48
"369","12 2017 Marina",114600,2,57300
"370","12 2017 Mission",106500,4,26625
"371","12 2017 Nob Hill",60000,1,60000
"372","12 2017 Outer Richmond",49000,3,16333.3333333333
"373","12 2017 Pacific Heights",90520.59,1,90520.59
"374","12 2017 Potrero Hill",40000,1,40000
"375","12 2017 Russian Hill",2e+05,1,2e+05
"376","12 2017 South of Market",475,1,475
"377","12 2017 Sunset/Parkside",60000,2,30000
"378","12 2017 Tenderloin",60000,1,60000
"379","12 2018 Bayview Hunters Point",16000,1,16000
"380","12 2018 Bernal Heights",32000,1,32000
"381","12 2018 Castro/Upper Market",18750,1,18750
"382","12 2018 Excelsior",53700,2,26850
"383","12 2018 Haight Ashbury",24500,1,24500
"384","12 2018 Inner Sunset",15000,1,15000
"385","12 2018 Marina",12000,1,12000
"386","12 2018 Mission",279916,4,69979
"387","12 2018 Nob Hill",27651.96,3,9217.32
"388","12 2018 Outer Richmond",85000,2,42500
"389","12 2018 Presidio Heights",52200,1,52200
"390","12 2018 South of Market",15000,1,15000
"391","12 2018 Sunset/Parkside",91550,3,30516.6666666667
"392","12 2018 Western Addition",168500,2,84250
"393","12 2019 Bernal Heights",50000,1,50000
"394","12 2019 Excelsior",30634,2,15317
"395","12 2019 Haight Ashbury",150000,2,75000
"396","12 2019 Inner Richmond",40000,2,20000
"397","12 2019 Marina",72175,2,36087.5
"398","12 2019 Mission",219322,4,54830.5
"399","12 2019 Noe Valley",504640,5,100928
"400","12 2019 North Beach",60000,1,60000
"401","12 2019 Oceanview/Merced/Ingleside",10000,1,10000
"402","12 2019 Outer Mission",4000,1,4000
"403","12 2019 Outer Richmond",1e+05,2,50000
"404","12 2019 Pacific Heights",20939,1,20939
"405","12 2019 Portola",55000,2,27500
"406","12 2019 Russian Hill",63900,2,31950
"407","12 2019 Sunset/Parkside",50000,1,50000
"408","12 2019 West of Twin Peaks",12000,1,12000
"409","12 2020 Bayview Hunters Point",NA,3,NA
"410","12 2020 Bernal Heights",NA,3,NA
"411","12 2020 Castro/Upper Market",200305,3,66768.3333333333
"412","12 2020 Chinatown",30000,1,30000
"413","12 2020 Excelsior",30000,1,30000
"414","12 2020 Financial District/South Beach",10000,1,10000
"415","12 2020 Glen Park",30000,1,30000
"416","12 2020 Haight Ashbury",55850.82,3,18616.94
"417","12 2020 Inner Sunset",12600,1,12600
"418","12 2020 Mission",130000,4,32500
"419","12 2020 Outer Richmond",37000,1,37000
"420","12 2020 Pacific Heights",25410,1,25410
"421","12 2020 Presidio Heights",29000,1,29000
"422","12 2020 Seacliff",20000,1,20000
"423","12 2020 Sunset/Parkside",15000,1,15000
"424","12 2020 Tenderloin",7500,2,3750
"425","12 2020 Visitacion Valley",65000,1,65000
"426","12 2020 West of Twin Peaks",101000,1,101000
"427","12 2021 Bayview Hunters Point",36000,1,36000
"428","12 2021 Bernal Heights",60000,1,60000
"429","12 2021 Castro/Upper Market",35000,1,35000
"430","12 2021 Excelsior",13500,1,13500
"431","12 2021 Haight Ashbury",31137,2,15568.5
"432","12 2021 Inner Richmond",56000,1,56000
"433","12 2021 Marina",199000,2,99500
"434","12 2021 Mission",140000,1,140000
"435","12 2021 North Beach",150000,1,150000
"436","12 2021 Outer Richmond",150000,2,75000
"437","12 2021 Potrero Hill",75000,1,75000
"438","12 2021 Presidio Heights",40000,1,40000
"439","12 2021 Russian Hill",129000,2,64500
"440","12 2021 Sunset/Parkside",NA,4,NA
"441","12 2021 Twin Peaks",20000,1,20000
"442","12 2021 Visitacion Valley",18500,1,18500
"443","12 2021 West of Twin Peaks",142120,3,47373.3333333333
"444","2 2016 Bernal Heights",68520.42,2,34260.21
"445","2 2016 Castro/Upper Market",60000,1,60000
"446","2 2016 Hayes Valley",45500,2,22750
"447","2 2016 Mission",155361.14,3,51787.0466666667
"448","2 2016 Nob Hill",5000,1,5000
"449","2 2016 Noe Valley",80000,3,26666.6666666667
"450","2 2016 North Beach",49385.96,2,24692.98
"451","2 2016 Pacific Heights",150000,1,150000
"452","2 2016 Potrero Hill",60000,1,60000
"453","2 2016 Sunset/Parkside",120500,3,40166.6666666667
"454","2 2016 Visitacion Valley",16560,1,16560
"455","2 2017 Bayview Hunters Point",32000,2,16000
"456","2 2017 Bernal Heights",24320,1,24320
"457","2 2017 Inner Sunset",60750,1,60750
"458","2 2017 Japantown",12500,1,12500
"459","2 2017 Lone Mountain/USF",50000,1,50000
"460","2 2017 Mission",170000,3,56666.6666666667
"461","2 2017 Noe Valley",290355,3,96785
"462","2 2017 Outer Richmond",179258.67,4,44814.6675
"463","2 2017 Pacific Heights",128500,2,64250
"464","2 2017 Russian Hill",140053,2,70026.5
"465","2 2017 Sunset/Parkside",157400,3,52466.6666666667
"466","2 2018 Castro/Upper Market",77700,1,77700
"467","2 2018 Hayes Valley",70000,1,70000
"468","2 2018 Inner Sunset",35000,2,17500
"469","2 2018 Marina",20000,1,20000
"470","2 2018 Mission",23300,3,7766.66666666667
"471","2 2018 Noe Valley",140000,1,140000
"472","2 2018 North Beach",1e+05,2,50000
"473","2 2018 Pacific Heights",63300,1,63300
"474","2 2018 Potrero Hill",NA,1,NA
"475","2 2018 Presidio Heights",10000,1,10000
"476","2 2018 Russian Hill",20872.74,1,20872.74
"477","2 2018 Tenderloin",62250,1,62250
"478","2 2018 West of Twin Peaks",5563.48,1,5563.48
"479","2 2019 Castro/Upper Market",116000,2,58000
"480","2 2019 Haight Ashbury",94220,2,47110
"481","2 2019 Hayes Valley",44000,2,22000
"482","2 2019 Mission",352548.95,3,117516.316666667
"483","2 2019 Nob Hill",208000,1,208000
"484","2 2019 Outer Mission",11938.32,1,11938.32
"485","2 2019 Outer Richmond",150000,2,75000
"486","2 2019 Pacific Heights",37500,1,37500
"487","2 2019 Portola",40000,1,40000
"488","2 2019 Presidio Heights",102200,1,102200
"489","2 2019 South of Market",20000,1,20000
"490","2 2019 Sunset/Parkside",50000,1,50000
"491","2 2019 Twin Peaks",53000,1,53000
"492","2 2020 Castro/Upper Market",NA,2,NA
"493","2 2020 Chinatown",27500,1,27500
"494","2 2020 Haight Ashbury",12000,1,12000
"495","2 2020 Hayes Valley",56500,2,28250
"496","2 2020 Inner Richmond",65000,2,32500
"497","2 2020 Marina",57500,2,28750
"498","2 2020 Mission",178000,4,44500
"499","2 2020 Nob Hill",15000,1,15000
"500","2 2020 Noe Valley",389415.9,3,129805.3
"501","2 2020 North Beach",78000,2,39000
"502","2 2020 Outer Mission",25000,1,25000
"503","2 2020 Outer Richmond",218174.6,3,72724.8666666667
"504","2 2020 Presidio Heights",55000,1,55000
"505","2 2020 Russian Hill",64286.75,1,64286.75
"506","2 2020 Sunset/Parkside",49443.64,1,49443.64
"507","2 2020 Tenderloin",12000,1,12000
"508","2 2020 Visitacion Valley",40000,1,40000
"509","2 2020 West of Twin Peaks",153818.24,3,51272.7466666667
"510","2 2021 Bernal Heights",1e+05,1,1e+05
"511","2 2021 Excelsior",40000,1,40000
"512","2 2021 Glen Park",55000,1,55000
"513","2 2021 Haight Ashbury",21000,1,21000
"514","2 2021 Lone Mountain/USF",27900,1,27900
"515","2 2021 Marina",NA,1,NA
"516","2 2021 Mission",60000,1,60000
"517","2 2021 Noe Valley",75000,1,75000
"518","2 2021 Outer Richmond",NA,3,NA
"519","2 2021 Pacific Heights",17000,1,17000
"520","2 2021 Sunset/Parkside",214667,6,35777.8333333333
"521","2 2021 Visitacion Valley",30000,1,30000
"522","2 2021 West of Twin Peaks",36000,1,36000
"523","2 2022 Bernal Heights",33995,2,16997.5
"524","2 2022 Castro/Upper Market",2e+05,2,1e+05
"525","2 2022 Haight Ashbury",180700,3,60233.3333333333
"526","2 2022 Hayes Valley",70000,1,70000
"527","2 2022 Inner Richmond",120000,1,120000
"528","2 2022 Inner Sunset",40000,1,40000
"529","2 2022 Mission",196500,3,65500
"530","2 2022 Noe Valley",80000,1,80000
"531","2 2022 Oceanview/Merced/Ingleside",59200,3,19733.3333333333
"532","2 2022 Outer Richmond",110000,1,110000
"533","2 2022 Presidio Heights",78500,1,78500
"534","2 2022 Russian Hill",25000,1,25000
"535","2 2022 South of Market",3e+05,1,3e+05
"536","2 2022 Sunset/Parkside",129050,3,43016.6666666667
"537","2 2022 West of Twin Peaks",77400,3,25800
"538","3 2015 Hayes Valley",6000,1,6000
"539","3 2015 Noe Valley",25000,1,25000
"540","3 2015 Sunset/Parkside",50000,1,50000
"541","3 2016 Bayview Hunters Point",30000,1,30000
"542","3 2016 Excelsior",27301,2,13650.5
"543","3 2016 Haight Ashbury",20000,1,20000
"544","3 2016 Hayes Valley",37000,1,37000
"545","3 2016 Inner Richmond",30000,1,30000
"546","3 2016 Marina",5600,1,5600
"547","3 2016 Nob Hill",NA,2,NA
"548","3 2016 Oceanview/Merced/Ingleside",550,1,550
"549","3 2016 Outer Richmond",55000,2,27500
"550","3 2016 Russian Hill",8000,1,8000
"551","3 2016 Sunset/Parkside",57500,4,14375
"552","3 2016 Twin Peaks",1e+05,1,1e+05
"553","3 2016 Visitacion Valley",79500,2,39750
"554","3 2016 West of Twin Peaks",15000,1,15000
"555","3 2016 Western Addition",30000,1,30000
"556","3 2017 Bayview Hunters Point",NA,1,NA
"557","3 2017 Castro/Upper Market",25000,1,25000
"558","3 2017 Haight Ashbury",80000,2,40000
"559","3 2017 Inner Richmond",31556.65,1,31556.65
"560","3 2017 Inner Sunset",32000,1,32000
"561","3 2017 Lone Mountain/USF",75000,1,75000
"562","3 2017 Marina",66313.27,1,66313.27
"563","3 2017 Mission",286256.09,3,95418.6966666667
"564","3 2017 Nob Hill",60000,1,60000
"565","3 2017 Noe Valley",52832.8,1,52832.8
"566","3 2017 Outer Richmond",158504,3,52834.6666666667
"567","3 2017 Sunset/Parkside",NA,1,NA
"568","3 2017 Tenderloin",20000,1,20000
"569","3 2017 West of Twin Peaks",NA,2,NA
"570","3 2018 Bayview Hunters Point",12100,1,12100
"571","3 2018 Castro/Upper Market",88000,2,44000
"572","3 2018 Haight Ashbury",25000,1,25000
"573","3 2018 Inner Sunset",18000,1,18000
"574","3 2018 Marina",80000,1,80000
"575","3 2018 Mission",62500,3,20833.3333333333
"576","3 2018 Nob Hill",NA,3,NA
"577","3 2018 Noe Valley",139349,3,46449.6666666667
"578","3 2018 Outer Richmond",21510,2,10755
"579","3 2018 Portola",24000,1,24000
"580","3 2018 Presidio Heights",18500,1,18500
"581","3 2018 Sunset/Parkside",45888,1,45888
"582","3 2018 Visitacion Valley",10000,1,10000
"583","3 2019 Bernal Heights",156068.52,4,39017.13
"584","3 2019 Hayes Valley",10000,1,10000
"585","3 2019 Inner Sunset",159500,4,39875
"586","3 2019 Marina",30000,1,30000
"587","3 2019 Mission",320000,4,80000
"588","3 2019 Outer Richmond",20000,1,20000
"589","3 2019 Pacific Heights",58323.18,1,58323.18
"590","3 2019 Portola",27500,2,13750
"591","3 2019 Presidio Heights",35000,1,35000
"592","3 2019 South of Market",45000,1,45000
"593","3 2019 Sunset/Parkside",149000,4,37250
"594","3 2019 West of Twin Peaks",50800,2,25400
"595","3 2019 Western Addition",33168.39,2,16584.195
"596","3 2020 Castro/Upper Market",90000,2,45000
"597","3 2020 Hayes Valley",20000,1,20000
"598","3 2020 Inner Sunset",49368.89,3,16456.2966666667
"599","3 2020 Marina",150000,2,75000
"600","3 2020 Mission",240943,6,40157.1666666667
"601","3 2020 Nob Hill",33000,1,33000
"602","3 2020 Outer Mission",34050,1,34050
"603","3 2020 Outer Richmond",70000,1,70000
"604","3 2020 Pacific Heights",130000,1,130000
"605","3 2020 Potrero Hill",225000,3,75000
"606","3 2020 Presidio Heights",50100,2,25050
"607","3 2020 Russian Hill",56700,1,56700
"608","3 2020 Visitacion Valley",50000,1,50000
"609","3 2021 Castro/Upper Market",35000,1,35000
"610","3 2021 Excelsior",73200,1,73200
"611","3 2021 Hayes Valley",50000,1,50000
"612","3 2021 Inner Richmond",24000,1,24000
"613","3 2021 Lone Mountain/USF",36000,1,36000
"614","3 2021 Mission",320350.25,4,80087.5625
"615","3 2021 Noe Valley",70000,2,35000
"616","3 2021 North Beach",4500,1,4500
"617","3 2021 Oceanview/Merced/Ingleside",15000,1,15000
"618","3 2021 Outer Richmond",168000,4,42000
"619","3 2021 Pacific Heights",1e+05,1,1e+05
"620","3 2021 Russian Hill",179700,2,89850
"621","3 2021 Sunset/Parkside",106030,5,21206
"622","3 2021 Visitacion Valley",70000,1,70000
"623","3 2021 Western Addition",32400,1,32400
"624","3 2022 Bayview Hunters Point",65000,1,65000
"625","3 2022 Bernal Heights",24850,1,24850
"626","3 2022 Castro/Upper Market",67201.71,2,33600.855
"627","3 2022 Excelsior",190100,3,63366.6666666667
"628","3 2022 Financial District/South Beach",NA,1,NA
"629","3 2022 Hayes Valley",403000,3,134333.333333333
"630","3 2022 Inner Richmond",44720.48,2,22360.24
"631","3 2022 Inner Sunset",25000,1,25000
"632","3 2022 Lone Mountain/USF",47400.12,1,47400.12
"633","3 2022 Marina",22500,1,22500
"634","3 2022 Mission",134050,4,33512.5
"635","3 2022 Noe Valley",82000,2,41000
"636","3 2022 Oceanview/Merced/Ingleside",8000,1,8000
"637","3 2022 Outer Richmond",115000,1,115000
"638","3 2022 Pacific Heights",30000,1,30000
"639","3 2022 Russian Hill",55000,1,55000
"640","3 2022 South of Market",10000,1,10000
"641","3 2022 Sunset/Parkside",229730.38,4,57432.595
"642","3 2022 West of Twin Peaks",75000,2,37500
"643","4 2015 Marina",80000,1,80000
"644","4 2015 Western Addition",20000,1,20000
"645","4 2016 Castro/Upper Market",86940,1,86940
"646","4 2016 Chinatown",28000,1,28000
"647","4 2016 Haight Ashbury",25000,1,25000
"648","4 2016 Hayes Valley",30000,1,30000
"649","4 2016 Inner Richmond",74875.5,2,37437.75
"650","4 2016 Lone Mountain/USF",17750,1,17750
"651","4 2016 Mission",212100,6,35350
"652","4 2016 Nob Hill",30000,1,30000
"653","4 2016 Outer Mission",26597,1,26597
"654","4 2016 Outer Richmond",55000,1,55000
"655","4 2016 Pacific Heights",6000,1,6000
"656","4 2016 Potrero Hill",61636,2,30818
"657","4 2016 Presidio Heights",70000,1,70000
"658","4 2016 Russian Hill",50000,1,50000
"659","4 2016 South of Market",27500,1,27500
"660","4 2016 Sunset/Parkside",15000,1,15000
"661","4 2017 Castro/Upper Market",45000,2,22500
"662","4 2017 Excelsior",9960,1,9960
"663","4 2017 Hayes Valley",163484,4,40871
"664","4 2017 Inner Sunset",71630,2,35815
"665","4 2017 Lone Mountain/USF",36000,1,36000
"666","4 2017 Marina",115000,1,115000
"667","4 2017 Mission",60001,1,60001
"668","4 2017 Noe Valley",108400.35,2,54200.175
"669","4 2017 Oceanview/Merced/Ingleside",28000,1,28000
"670","4 2017 Outer Richmond",4500,1,4500
"671","4 2017 Pacific Heights",8000,1,8000
"672","4 2017 Sunset/Parkside",5310,1,5310
"673","4 2017 West of Twin Peaks",2450,1,2450
"674","4 2017 Western Addition",130000,2,65000
"675","4 2018 Castro/Upper Market",165000,3,55000
"676","4 2018 Chinatown",11000,1,11000
"677","4 2018 Haight Ashbury",101326.7,2,50663.35
"678","4 2018 Inner Richmond",60000,1,60000
"679","4 2018 Inner Sunset",127122.8,3,42374.2666666667
"680","4 2018 Lone Mountain/USF",250000,2,125000
"681","4 2018 Marina",0,1,0
"682","4 2018 Mission",100762.77,3,33587.59
"683","4 2018 Nob Hill",17500,1,17500
"684","4 2018 Oceanview/Merced/Ingleside",27000,2,13500
"685","4 2018 Outer Mission",40850.79,3,13616.93
"686","4 2018 Outer Richmond",175720,4,43930
"687","4 2018 Pacific Heights",47288.4,2,23644.2
"688","4 2018 Potrero Hill",40000,1,40000
"689","4 2018 Presidio Heights",49600,1,49600
"690","4 2018 Russian Hill",27100,1,27100
"691","4 2018 Sunset/Parkside",112600,5,22520
"692","4 2018 Twin Peaks",25000,1,25000
"693","4 2018 Western Addition",17857.5,1,17857.5
"694","4 2019 Bayview Hunters Point",20000,1,20000
"695","4 2019 Bernal Heights",268119.56,5,53623.912
"696","4 2019 Castro/Upper Market",71533.32,1,71533.32
"697","4 2019 Excelsior",22092,1,22092
"698","4 2019 Haight Ashbury",130000,1,130000
"699","4 2019 Hayes Valley",58000,2,29000
"700","4 2019 Inner Richmond",13200,1,13200
"701","4 2019 Lone Mountain/USF",35000,1,35000
"702","4 2019 Marina",118500,2,59250
"703","4 2019 Mission",161000,3,53666.6666666667
"704","4 2019 Noe Valley",30000,1,30000
"705","4 2019 North Beach",246239.92,3,82079.9733333333
"706","4 2019 Outer Mission",90000,1,90000
"707","4 2019 Outer Richmond",150000,1,150000
"708","4 2019 Pacific Heights",29067.79,2,14533.895
"709","4 2019 Potrero Hill",18000,1,18000
"710","4 2019 Russian Hill",198539,2,99269.5
"711","4 2019 Sunset/Parkside",65616.2,4,16404.05
"712","4 2019 Tenderloin",30000,1,30000
"713","4 2019 West of Twin Peaks",12770,1,12770
"714","4 2020 Bayview Hunters Point",25000,1,25000
"715","4 2020 Bernal Heights",55600,1,55600
"716","4 2020 Castro/Upper Market",NA,3,NA
"717","4 2020 Chinatown",60000,1,60000
"718","4 2020 Financial District/South Beach",25000,1,25000
"719","4 2020 Lone Mountain/USF",137200,3,45733.3333333333
"720","4 2020 Marina",152502.4,3,50834.1333333333
"721","4 2020 Mission",165440,5,33088
"722","4 2020 Nob Hill",28003.73,2,14001.865
"723","4 2020 Noe Valley",245000,3,81666.6666666667
"724","4 2020 Outer Richmond",180000,2,90000
"725","4 2020 Portola",5000,1,5000
"726","4 2020 Russian Hill",19800,1,19800
"727","4 2020 South of Market",3000,1,3000
"728","4 2020 Sunset/Parkside",75000,1,75000
"729","4 2020 Visitacion Valley",2300,1,2300
"730","4 2020 West of Twin Peaks",25000,1,25000
"731","4 2020 Western Addition",5000,1,5000
"732","4 2021 Inner Richmond",20500,1,20500
"733","4 2021 Inner Sunset",142900,3,47633.3333333333
"734","4 2021 Lone Mountain/USF",11000,1,11000
"735","4 2021 Marina",178090,3,59363.3333333333
"736","4 2021 Mission",65000,2,32500
"737","4 2021 Nob Hill",3660,1,3660
"738","4 2021 Outer Richmond",62060,1,62060
"739","4 2021 Pacific Heights",NA,3,NA
"740","4 2021 Potrero Hill",26000,1,26000
"741","4 2021 Sunset/Parkside",208020.88,4,52005.22
"742","4 2021 Visitacion Valley",36069,1,36069
"743","4 2021 West of Twin Peaks",6300,1,6300
"744","4 2022 Bernal Heights",425.2,1,425.2
"745","4 2022 Castro/Upper Market",50000,1,50000
"746","4 2022 Excelsior",60000,1,60000
"747","4 2022 Inner Richmond",57500,2,28750
"748","4 2022 Inner Sunset",60000,2,30000
"749","4 2022 Marina",33000,2,16500
"750","4 2022 Mission",101958,2,50979
"751","4 2022 Oceanview/Merced/Ingleside",97000,2,48500
"752","4 2022 Outer Richmond",70000,1,70000
"753","4 2022 Portola",60828,2,30414
"754","4 2022 Sunset/Parkside",45000,2,22500
"755","4 2022 West of Twin Peaks",105000,1,105000
"756","4 2022 Western Addition",16386.6,1,16386.6
"757","5 2015 Bernal Heights",117000,3,39000
"758","5 2015 Excelsior",21000,1,21000
"759","5 2015 Marina",57500,1,57500
"760","5 2015 Mission",108200,4,27050
"761","5 2015 Nob Hill",34800,1,34800
"762","5 2015 Noe Valley",77000,2,38500
"763","5 2015 Oceanview/Merced/Ingleside",30000,1,30000
"764","5 2015 Outer Richmond",58807,2,29403.5
"765","5 2015 Pacific Heights",45000,1,45000
"766","5 2015 Sunset/Parkside",49500,2,24750
"767","5 2016 Bayview Hunters Point",24055,1,24055
"768","5 2016 Bernal Heights",60000,1,60000
"769","5 2016 Castro/Upper Market",75000,1,75000
"770","5 2016 Excelsior",58780,2,29390
"771","5 2016 Haight Ashbury",35384.61,1,35384.61
"772","5 2016 Hayes Valley",189900,5,37980
"773","5 2016 Inner Richmond",30000,1,30000
"774","5 2016 Inner Sunset",12780,1,12780
"775","5 2016 Marina",60000,1,60000
"776","5 2016 Mission",317093.75,7,45299.1071428571
"777","5 2016 Outer Richmond",34000,1,34000
"778","5 2016 Pacific Heights",4000,1,4000
"779","5 2016 South of Market",34000,1,34000
"780","5 2016 Sunset/Parkside",77557,4,19389.25
"781","5 2016 Western Addition",37000,2,18500
"782","5 2017 Bernal Heights",104250,1,104250
"783","5 2017 Castro/Upper Market",177936,3,59312
"784","5 2017 Excelsior",35000,1,35000
"785","5 2017 Glen Park",27000,1,27000
"786","5 2017 Haight Ashbury",41380,1,41380
"787","5 2017 Hayes Valley",195500,4,48875
"788","5 2017 Inner Richmond",23201,2,11600.5
"789","5 2017 Lone Mountain/USF",57246.57,1,57246.57
"790","5 2017 Marina",14500,1,14500
"791","5 2017 Mission",160000,2,80000
"792","5 2017 Nob Hill",2500,1,2500
"793","5 2017 Noe Valley",79000,2,39500
"794","5 2017 North Beach",95591.95,2,47795.975
"795","5 2017 Outer Richmond",81725,2,40862.5
"796","5 2017 Presidio Heights",20000,1,20000
"797","5 2017 Sunset/Parkside",108565.36,5,21713.072
"798","5 2017 Twin Peaks",18500,1,18500
"799","5 2017 West of Twin Peaks",17062,1,17062
"800","5 2018 Bernal Heights",45000,2,22500
"801","5 2018 Castro/Upper Market",58000,2,29000
"802","5 2018 Chinatown",15085.48,2,7542.74
"803","5 2018 Haight Ashbury",84103,3,28034.3333333333
"804","5 2018 Inner Richmond",0,1,0
"805","5 2018 Inner Sunset",61424.78,1,61424.78
"806","5 2018 Marina",80500,2,40250
"807","5 2018 Mission",66352.5,1,66352.5
"808","5 2018 Nob Hill",25000,1,25000
"809","5 2018 Noe Valley",221600.01,4,55400.0025
"810","5 2018 Outer Mission",6000,1,6000
"811","5 2018 Outer Richmond",230000,2,115000
"812","5 2018 Pacific Heights",62562,2,31281
"813","5 2018 Portola",90455.89,2,45227.945
"814","5 2018 Potrero Hill",97375,3,32458.3333333333
"815","5 2018 Russian Hill",166000,3,55333.3333333333
"816","5 2018 South of Market",1e+05,1,1e+05
"817","5 2018 Visitacion Valley",25000,1,25000
"818","5 2018 West of Twin Peaks",NA,2,NA
"819","5 2018 Western Addition",6627,1,6627
"820","5 2019 Excelsior",56398,2,28199
"821","5 2019 Glen Park",12200,1,12200
"822","5 2019 Haight Ashbury",156500,3,52166.6666666667
"823","5 2019 Hayes Valley",237000,3,79000
"824","5 2019 Inner Richmond",5000,1,5000
"825","5 2019 Lone Mountain/USF",20000,1,20000
"826","5 2019 Marina",104000,2,52000
"827","5 2019 Mission",265000,3,88333.3333333333
"828","5 2019 Nob Hill",70000,3,23333.3333333333
"829","5 2019 Outer Richmond",99500,2,49750
"830","5 2019 Pacific Heights",14094.69,1,14094.69
"831","5 2019 Portola",45000,1,45000
"832","5 2019 Russian Hill",35000,1,35000
"833","5 2019 Seacliff",22500,2,11250
"834","5 2019 Sunset/Parkside",101247,3,33749
"835","5 2019 West of Twin Peaks",33254,2,16627
"836","5 2020 Bayview Hunters Point",35000,1,35000
"837","5 2020 Bernal Heights",32000,1,32000
"838","5 2020 Inner Sunset",60000,1,60000
"839","5 2020 Marina",135000,1,135000
"840","5 2020 Mission",NA,2,NA
"841","5 2020 Noe Valley",30000,1,30000
"842","5 2020 Outer Richmond",83000,1,83000
"843","5 2020 Pacific Heights",34000,1,34000
"844","5 2020 Portola",93000,2,46500
"845","5 2020 Presidio Heights",40000,1,40000
"846","5 2020 Russian Hill",115000,1,115000
"847","5 2020 Sunset/Parkside",76000,2,38000
"848","5 2020 Twin Peaks",1e+05,1,1e+05
"849","5 2020 West of Twin Peaks",17000,1,17000
"850","5 2021 Bayview Hunters Point",20000,1,20000
"851","5 2021 Bernal Heights",203500,3,67833.3333333333
"852","5 2021 Castro/Upper Market",207500,3,69166.6666666667
"853","5 2021 Excelsior",6000,1,6000
"854","5 2021 Glen Park",40000,1,40000
"855","5 2021 Hayes Valley",62500,1,62500
"856","5 2021 Inner Richmond",186403.03,3,62134.3433333333
"857","5 2021 Inner Sunset",75000,1,75000
"858","5 2021 Lone Mountain/USF",90520,3,30173.3333333333
"859","5 2021 Marina",15000,1,15000
"860","5 2021 McLaren Park",35900,1,35900
"861","5 2021 Mission",NA,3,NA
"862","5 2021 Oceanview/Merced/Ingleside",55000,2,27500
"863","5 2021 Outer Mission",70000,1,70000
"864","5 2021 Outer Richmond",30000,1,30000
"865","5 2021 Portola",30013.05,1,30013.05
"866","5 2021 Presidio Heights",469562.5,1,469562.5
"867","5 2021 Russian Hill",56645.02,1,56645.02
"868","5 2021 Sunset/Parkside",9000,1,9000
"869","5 2021 Tenderloin",7500,1,7500
"870","5 2021 West of Twin Peaks",48000,1,48000
"871","5 2021 Western Addition",20000,1,20000
"872","5 2022 Bayview Hunters Point",77900,3,25966.6666666667
"873","5 2022 Bernal Heights",400800,6,66800
"874","5 2022 Castro/Upper Market",197085,4,49271.25
"875","5 2022 Excelsior",262000,3,87333.3333333333
"876","5 2022 Glen Park",84500,2,42250
"877","5 2022 Haight Ashbury",58000,1,58000
"878","5 2022 Hayes Valley",215112.75,2,107556.375
"879","5 2022 Inner Sunset",197550,4,49387.5
"880","5 2022 Lone Mountain/USF",96000,2,48000
"881","5 2022 Marina",170000,1,170000
"882","5 2022 Mission",200821.84,4,50205.46
"883","5 2022 Nob Hill",3000,1,3000
"884","5 2022 Noe Valley",258000,3,86000
"885","5 2022 Outer Mission",89850,2,44925
"886","5 2022 Pacific Heights",350000,3,116666.666666667
"887","5 2022 Portola",53374.84,1,53374.84
"888","5 2022 Potrero Hill",45000,1,45000
"889","5 2022 Russian Hill",110000,2,55000
"890","5 2022 Sunset/Parkside",258300,6,43050
"891","5 2022 West of Twin Peaks",20000,1,20000
"892","5 2022 Western Addition",NA,1,NA
"893","6 2015 Bernal Heights",80000,1,80000
"894","6 2015 Castro/Upper Market",15000,1,15000
"895","6 2015 Chinatown",73000,2,36500
"896","6 2015 Excelsior",70000,2,35000
"897","6 2015 Hayes Valley",32500,1,32500
"898","6 2015 Inner Richmond",49000,2,24500
"899","6 2015 Lone Mountain/USF",3000,1,3000
"900","6 2015 Mission",54000,1,54000
"901","6 2015 North Beach",27422,1,27422
"902","6 2015 Outer Mission",115000,1,115000
"903","6 2015 Pacific Heights",10000,1,10000
"904","6 2015 Visitacion Valley",5551,1,5551
"905","6 2016 Bayview Hunters Point",28500,1,28500
"906","6 2016 Haight Ashbury",25000,1,25000
"907","6 2016 Hayes Valley",98250,2,49125
"908","6 2016 Inner Richmond",12500,1,12500
"909","6 2016 Marina",25000,1,25000
"910","6 2016 Mission",50000,1,50000
"911","6 2016 Noe Valley",74000,1,74000
"912","6 2016 North Beach",22212.8,1,22212.8
"913","6 2016 Outer Mission",56500,3,18833.3333333333
"914","6 2016 Outer Richmond",60000,1,60000
"915","6 2016 Pacific Heights",138036.7,4,34509.175
"916","6 2016 Portola",1e+05,1,1e+05
"917","6 2016 Potrero Hill",500,1,500
"918","6 2016 Presidio Heights",31466,1,31466
"919","6 2016 Sunset/Parkside",5890,1,5890
"920","6 2017 Bernal Heights",80000,2,40000
"921","6 2017 Castro/Upper Market",276435.08,4,69108.77
"922","6 2017 Excelsior",112000,3,37333.3333333333
"923","6 2017 Glen Park",9782.26,1,9782.26
"924","6 2017 Inner Richmond",71429.41,3,23809.8033333333
"925","6 2017 Marina",64500,2,32250
"926","6 2017 Mission",222100,4,55525
"927","6 2017 Noe Valley",88540,2,44270
"928","6 2017 Oceanview/Merced/Ingleside",72500,2,36250
"929","6 2017 Outer Richmond",83500,2,41750
"930","6 2017 Pacific Heights",115000.14,4,28750.035
"931","6 2017 Potrero Hill",28000,1,28000
"932","6 2017 Russian Hill",17261.08,1,17261.08
"933","6 2017 Sunset/Parkside",43867.22,3,14622.4066666667
"934","6 2017 Visitacion Valley",29050,1,29050
"935","6 2017 West of Twin Peaks",67750,2,33875
"936","6 2018 Bayview Hunters Point",50800,1,50800
"937","6 2018 Castro/Upper Market",173694.22,6,28949.0366666667
"938","6 2018 Excelsior",33000,2,16500
"939","6 2018 Glen Park",90000,2,45000
"940","6 2018 Haight Ashbury",60000,1,60000
"941","6 2018 Hayes Valley",99500,2,49750
"942","6 2018 Inner Richmond",90000,1,90000
"943","6 2018 Inner Sunset",184452,5,36890.4
"944","6 2018 Lone Mountain/USF",28400,1,28400
"945","6 2018 Marina",15000,1,15000
"946","6 2018 Mission",188256.65,5,37651.33
"947","6 2018 Noe Valley",0,1,0
"948","6 2018 Outer Richmond",141337.5,3,47112.5
"949","6 2018 Potrero Hill",65000,2,32500
"950","6 2018 Sunset/Parkside",42000,2,21000
"951","6 2018 West of Twin Peaks",112077.78,4,28019.445
"952","6 2019 Castro/Upper Market",77467.36,1,77467.36
"953","6 2019 Excelsior",58000,2,29000
"954","6 2019 Hayes Valley",289681.54,6,48280.2566666667
"955","6 2019 Inner Richmond",101045,2,50522.5
"956","6 2019 Inner Sunset",65000,1,65000
"957","6 2019 Lone Mountain/USF",20000,1,20000
"958","6 2019 Mission",8000,1,8000
"959","6 2019 North Beach",129645.04,3,43215.0133333333
"960","6 2019 Oceanview/Merced/Ingleside",11900,1,11900
"961","6 2019 Outer Mission",97000,3,32333.3333333333
"962","6 2019 Pacific Heights",7000,1,7000
"963","6 2019 Russian Hill",15000,1,15000
"964","6 2019 Sunset/Parkside",320000,4,80000
"965","6 2019 Western Addition",37000,1,37000
"966","6 2020 Bernal Heights",76320,2,38160
"967","6 2020 Glen Park",51914.6,1,51914.6
"968","6 2020 Haight Ashbury",80000,2,40000
"969","6 2020 Inner Richmond",30000,1,30000
"970","6 2020 Marina",4242.59,1,4242.59
"971","6 2020 Mission",211500,2,105750
"972","6 2020 Outer Mission",77400.15,1,77400.15
"973","6 2020 Outer Richmond",52042,2,26021
"974","6 2020 Pacific Heights",69000,2,34500
"975","6 2020 Tenderloin",4700,1,4700
"976","6 2021 Bayview Hunters Point",25000,1,25000
"977","6 2021 Bernal Heights",80000,2,40000
"978","6 2021 Castro/Upper Market",25000,1,25000
"979","6 2021 Excelsior",65000,2,32500
"980","6 2021 Haight Ashbury",65000,1,65000
"981","6 2021 Hayes Valley",65500,3,21833.3333333333
"982","6 2021 Inner Sunset",213750,2,106875
"983","6 2021 Japantown",11500,1,11500
"984","6 2021 Lone Mountain/USF",115000,1,115000
"985","6 2021 Marina",32645,1,32645
"986","6 2021 Mission",110000,2,55000
"987","6 2021 Nob Hill",60000,1,60000
"988","6 2021 Noe Valley",52500,1,52500
"989","6 2021 North Beach",153259.22,3,51086.4066666667
"990","6 2021 Outer Mission",45000,2,22500
"991","6 2021 Outer Richmond",65750,3,21916.6666666667
"992","6 2021 Pacific Heights",50000,1,50000
"993","6 2021 Potrero Hill",56000,1,56000
"994","6 2021 Russian Hill",78000,3,26000
"995","6 2021 Seacliff",25000,1,25000
"996","6 2021 South of Market",0,1,0
"997","6 2021 Sunset/Parkside",405028.77,6,67504.795
"998","6 2021 West of Twin Peaks",112103.2,3,37367.7333333333
"999","6 2022 Bayview Hunters Point",20000,1,20000
"1000","6 2022 Castro/Upper Market",365408,3,121802.666666667
"1001","6 2022 Excelsior",95000,1,95000
"1002","6 2022 Glen Park",105000,2,52500
"1003","6 2022 Haight Ashbury",40000,1,40000
"1004","6 2022 Inner Richmond",343905.48,5,68781.096
"1005","6 2022 Inner Sunset",26421.72,1,26421.72
"1006","6 2022 Marina",35000,1,35000
"1007","6 2022 Mission",108000,3,36000
"1008","6 2022 Nob Hill",55000,1,55000
"1009","6 2022 Noe Valley",50000,1,50000
"1010","6 2022 Oceanview/Merced/Ingleside",46550,1,46550
"1011","6 2022 Portola",19200,1,19200
"1012","6 2022 Potrero Hill",62821.5,1,62821.5
"1013","6 2022 Russian Hill",152500,3,50833.3333333333
"1014","6 2022 Sunset/Parkside",274800,5,54960
"1015","6 2022 Western Addition",40000,1,40000
"1016","7 2015 Bayview Hunters Point",2300,1,2300
"1017","7 2015 Bernal Heights",55358,2,27679
"1018","7 2015 Castro/Upper Market",45000,2,22500
"1019","7 2015 Chinatown",2000,1,2000
"1020","7 2015 Glen Park",108601.79,2,54300.895
"1021","7 2015 Haight Ashbury",106700,3,35566.6666666667
"1022","7 2015 Hayes Valley",5500,1,5500
"1023","7 2015 Inner Richmond",70000,1,70000
"1024","7 2015 Inner Sunset",11500,1,11500
"1025","7 2015 Mission",535329,3,178443
"1026","7 2015 Nob Hill",57500,3,19166.6666666667
"1027","7 2015 Noe Valley",3500,1,3500
"1028","7 2015 North Beach",20000,1,20000
"1029","7 2015 Outer Richmond",30000,1,30000
"1030","7 2015 Presidio Heights",25874,1,25874
"1031","7 2015 Seacliff",53000,1,53000
"1032","7 2015 West of Twin Peaks",9000,1,9000
"1033","7 2016 Bernal Heights",28000,2,14000
"1034","7 2016 Castro/Upper Market",50838,1,50838
"1035","7 2016 Hayes Valley",15000,1,15000
"1036","7 2016 Inner Richmond",150000,1,150000
"1037","7 2016 Lone Mountain/USF",196080,3,65360
"1038","7 2016 Mission",131780,2,65890
"1039","7 2016 Noe Valley",21000,2,10500
"1040","7 2016 North Beach",98400,3,32800
"1041","7 2016 Outer Richmond",15000,1,15000
"1042","7 2016 Pacific Heights",103000,2,51500
"1043","7 2016 Presidio Heights",20700,1,20700
"1044","7 2016 Russian Hill",144500,4,36125
"1045","7 2016 South of Market",145000,4,36250
"1046","7 2016 Sunset/Parkside",34000,1,34000
"1047","7 2016 Western Addition",99750,3,33250
"1048","7 2017 Bernal Heights",NA,3,NA
"1049","7 2017 Castro/Upper Market",70055,2,35027.5
"1050","7 2017 Excelsior",86600,2,43300
"1051","7 2017 Haight Ashbury",17750,1,17750
"1052","7 2017 Hayes Valley",100383.6,1,100383.6
"1053","7 2017 Marina",40000,1,40000
"1054","7 2017 Mission",299196.74,4,74799.185
"1055","7 2017 Nob Hill",24000,1,24000
"1056","7 2017 North Beach",47310,1,47310
"1057","7 2017 Oceanview/Merced/Ingleside",70000,2,35000
"1058","7 2017 Outer Richmond",76000,2,38000
"1059","7 2017 Pacific Heights",17473.21,1,17473.21
"1060","7 2017 Russian Hill",30000,1,30000
"1061","7 2017 West of Twin Peaks",20000,1,20000
"1062","7 2017 Western Addition",10000,1,10000
"1063","7 2018 Bayview Hunters Point",25000,1,25000
"1064","7 2018 Castro/Upper Market",162030.28,2,81015.14
"1065","7 2018 Excelsior",19000,2,9500
"1066","7 2018 Glen Park",70000,1,70000
"1067","7 2018 Inner Sunset",247400,4,61850
"1068","7 2018 Lincoln Park",29800,1,29800
"1069","7 2018 Lone Mountain/USF",74849.24,1,74849.24
"1070","7 2018 Marina",80000,1,80000
"1071","7 2018 Mission",111000,3,37000
"1072","7 2018 Noe Valley",56000,1,56000
"1073","7 2018 Oceanview/Merced/Ingleside",39400,1,39400
"1074","7 2018 Outer Mission",32000,1,32000
"1075","7 2018 Pacific Heights",29500,2,14750
"1076","7 2018 Potrero Hill",50000,2,25000
"1077","7 2018 Presidio Heights",65000,2,32500
"1078","7 2018 Tenderloin",196750,2,98375
"1079","7 2018 West of Twin Peaks",8000,1,8000
"1080","7 2019 Castro/Upper Market",NA,3,NA
"1081","7 2019 Haight Ashbury",156000,1,156000
"1082","7 2019 Hayes Valley",73000,2,36500
"1083","7 2019 Inner Richmond",20000,1,20000
"1084","7 2019 Inner Sunset",27168.26,1,27168.26
"1085","7 2019 Lakeshore",NA,1,NA
"1086","7 2019 Marina",13500,2,6750
"1087","7 2019 Mission",185000,2,92500
"1088","7 2019 Nob Hill",40394.86,2,20197.43
"1089","7 2019 Oceanview/Merced/Ingleside",20000,1,20000
"1090","7 2019 Outer Mission",33500,1,33500
"1091","7 2019 Outer Richmond",35000,1,35000
"1092","7 2019 Pacific Heights",90000,1,90000
"1093","7 2019 Portola",22428,1,22428
"1094","7 2019 Presidio Heights",55000,2,27500
"1095","7 2019 Russian Hill",92500,2,46250
"1096","7 2019 Sunset/Parkside",116593,4,29148.25
"1097","7 2019 Twin Peaks",32500,1,32500
"1098","7 2019 Visitacion Valley",14000,1,14000
"1099","7 2019 West of Twin Peaks",37234,2,18617
"1100","7 2019 Western Addition",102000,2,51000
"1101","7 2020 Bernal Heights",35000,1,35000
"1102","7 2020 Financial District/South Beach",14850,1,14850
"1103","7 2020 Hayes Valley",10000,1,10000
"1104","7 2020 Japantown",8000,1,8000
"1105","7 2020 Lone Mountain/USF",81096,1,81096
"1106","7 2020 Marina",20000,1,20000
"1107","7 2020 Mission",225000,4,56250
"1108","7 2020 Mission Bay",15250,1,15250
"1109","7 2020 Noe Valley",182245,3,60748.3333333333
"1110","7 2020 North Beach",158000,1,158000
"1111","7 2020 Outer Mission",235000,2,117500
"1112","7 2020 Pacific Heights",130000,1,130000
"1113","7 2020 Potrero Hill",101200,2,50600
"1114","7 2020 Sunset/Parkside",54385.8,2,27192.9
"1115","7 2020 West of Twin Peaks",37267,2,18633.5
"1116","7 2020 Western Addition",87135,3,29045
"1117","7 2021 Bayview Hunters Point",29000,1,29000
"1118","7 2021 Bernal Heights",30932.17,1,30932.17
"1119","7 2021 Castro/Upper Market",235630.37,4,58907.5925
"1120","7 2021 Chinatown",10000,1,10000
"1121","7 2021 Excelsior",90000,1,90000
"1122","7 2021 Glen Park",127720,2,63860
"1123","7 2021 Haight Ashbury",235738.96,3,78579.6533333333
"1124","7 2021 Inner Richmond",10000,1,10000
"1125","7 2021 Lone Mountain/USF",345000,5,69000
"1126","7 2021 Mission",239136.65,4,59784.1625
"1127","7 2021 Noe Valley",40000,1,40000
"1128","7 2021 Oceanview/Merced/Ingleside",73683.19,3,24561.0633333333
"1129","7 2021 Outer Richmond",60000,1,60000
"1130","7 2021 Pacific Heights",37500,1,37500
"1131","7 2021 Portola",22600,1,22600
"1132","7 2021 Potrero Hill",30000,1,30000
"1133","7 2021 Russian Hill",2950,1,2950
"1134","7 2021 South of Market",8750,1,8750
"1135","7 2021 Sunset/Parkside",166820.21,5,33364.042
"1136","7 2021 Visitacion Valley",35000,1,35000
"1137","7 2021 West of Twin Peaks",26000,2,13000
"1138","7 2021 Western Addition",42049.53,1,42049.53
"1139","7 2022 Inner Richmond",25000,1,25000
"1140","7 2022 Lone Mountain/USF",15000,1,15000
"1141","7 2022 Sunset/Parkside",34950,1,34950
"1142","8 2015 Bernal Heights",20000,1,20000
"1143","8 2015 Castro/Upper Market",249325,6,41554.1666666667
"1144","8 2015 Excelsior",33000,2,16500
"1145","8 2015 Haight Ashbury",14000,1,14000
"1146","8 2015 Hayes Valley",23000,1,23000
"1147","8 2015 Inner Sunset",14000,1,14000
"1148","8 2015 Japantown",23500,1,23500
"1149","8 2015 Lone Mountain/USF",4000,1,4000
"1150","8 2015 Marina",369248.59,5,73849.718
"1151","8 2015 Mission",196500,4,49125
"1152","8 2015 Nob Hill",44500,1,44500
"1153","8 2015 Outer Mission",18000,1,18000
"1154","8 2015 Pacific Heights",NA,1,NA
"1155","8 2015 Portola",30000,1,30000
"1156","8 2015 Sunset/Parkside",145000,4,36250
"1157","8 2015 Tenderloin",25000,1,25000
"1158","8 2015 West of Twin Peaks",21102,2,10551
"1159","8 2015 Western Addition",35000,1,35000
"1160","8 2016 Bayview Hunters Point",86000,2,43000
"1161","8 2016 Bernal Heights",90400,2,45200
"1162","8 2016 Excelsior",34465.77,2,17232.885
"1163","8 2016 Haight Ashbury",225000,3,75000
"1164","8 2016 Hayes Valley",5500,1,5500
"1165","8 2016 Inner Richmond",131613.6,2,65806.8
"1166","8 2016 Lone Mountain/USF",35000,1,35000
"1167","8 2016 Marina",110000,3,36666.6666666667
"1168","8 2016 Mission",68525.81,3,22841.9366666667
"1169","8 2016 Nob Hill",67622.8,1,67622.8
"1170","8 2016 Oceanview/Merced/Ingleside",15000,1,15000
"1171","8 2016 Pacific Heights",84400,2,42200
"1172","8 2016 Portola",37500,1,37500
"1173","8 2016 Russian Hill",25000,1,25000
"1174","8 2016 South of Market",11200,2,5600
"1175","8 2016 Sunset/Parkside",228706,3,76235.3333333333
"1176","8 2016 Tenderloin",7000,1,7000
"1177","8 2016 Western Addition",18000,1,18000
"1178","8 2017 Bayview Hunters Point",59000,2,29500
"1179","8 2017 Bernal Heights",29286,1,29286
"1180","8 2017 Castro/Upper Market",106440,1,106440
"1181","8 2017 Excelsior",72270.41,2,36135.205
"1182","8 2017 Haight Ashbury",44012.47,1,44012.47
"1183","8 2017 Hayes Valley",25000,1,25000
"1184","8 2017 Inner Richmond",68000,1,68000
"1185","8 2017 Inner Sunset",18785,2,9392.5
"1186","8 2017 Lone Mountain/USF",281446,3,93815.3333333333
"1187","8 2017 Marina",55000,2,27500
"1188","8 2017 Mission",4e+05,4,1e+05
"1189","8 2017 Noe Valley",3550,1,3550
"1190","8 2017 Outer Mission",31200,3,10400
"1191","8 2017 Pacific Heights",27786.03,2,13893.015
"1192","8 2017 Presidio",34000,1,34000
"1193","8 2017 South of Market",25000,1,25000
"1194","8 2017 Sunset/Parkside",79818.74,4,19954.685
"1195","8 2017 West of Twin Peaks",40000,1,40000
"1196","8 2018 Bayview Hunters Point",40000,1,40000
"1197","8 2018 Bernal Heights",57299,3,19099.6666666667
"1198","8 2018 Castro/Upper Market",125000,1,125000
"1199","8 2018 Haight Ashbury",58000,1,58000
"1200","8 2018 Inner Richmond",68261.92,4,17065.48
"1201","8 2018 Lone Mountain/USF",123707.35,2,61853.675
"1202","8 2018 Marina",268789.71,3,89596.57
"1203","8 2018 Mission",513970.66,8,64246.3325
"1204","8 2018 Nob Hill",65000,1,65000
"1205","8 2018 Noe Valley",27500,1,27500
"1206","8 2018 North Beach",68000,1,68000
"1207","8 2018 Outer Mission",162239.43,3,54079.81
"1208","8 2018 Outer Richmond",114992.4,2,57496.2
"1209","8 2018 Pacific Heights",246850,3,82283.3333333333
"1210","8 2018 Portola",30000,1,30000
"1211","8 2018 Potrero Hill",50000,1,50000
"1212","8 2018 Presidio Heights",24500,1,24500
"1213","8 2018 Russian Hill",29881,2,14940.5
"1214","8 2018 Tenderloin",193750,1,193750
"1215","8 2018 Visitacion Valley",13000,1,13000
"1216","8 2018 West of Twin Peaks",47000,2,23500
"1217","8 2019 Castro/Upper Market",324500,4,81125
"1218","8 2019 Chinatown",23268,1,23268
"1219","8 2019 Excelsior",6000,1,6000
"1220","8 2019 Glen Park",70000,1,70000
"1221","8 2019 Inner Richmond",134000,3,44666.6666666667
"1222","8 2019 Inner Sunset",57725,1,57725
"1223","8 2019 Lone Mountain/USF",9046.79,1,9046.79
"1224","8 2019 Mission",138590.09,5,27718.018
"1225","8 2019 Noe Valley",122000,3,40666.6666666667
"1226","8 2019 Outer Richmond",182000,5,36400
"1227","8 2019 Pacific Heights",135000,1,135000
"1228","8 2019 Portola",27134,2,13567
"1229","8 2019 Presidio Heights",516925.84,7,73846.5485714286
"1230","8 2019 Russian Hill",217500,3,72500
"1231","8 2019 Sunset/Parkside",199000,5,39800
"1232","8 2019 West of Twin Peaks",87562,2,43781
"1233","8 2019 Western Addition",0,1,0
"1234","8 2020 Bayview Hunters Point",53200,2,26600
"1235","8 2020 Castro/Upper Market",114110,1,114110
"1236","8 2020 Excelsior",20000,1,20000
"1237","8 2020 Glen Park",20000,1,20000
"1238","8 2020 Haight Ashbury",83202.27,1,83202.27
"1239","8 2020 Inner Richmond",85000,2,42500
"1240","8 2020 Inner Sunset",15000,1,15000
"1241","8 2020 Lone Mountain/USF",58620.57,2,29310.285
"1242","8 2020 Mission",124450,3,41483.3333333333
"1243","8 2020 Mission Bay",15469.35,1,15469.35
"1244","8 2020 Noe Valley",65000,1,65000
"1245","8 2020 Pacific Heights",30000,1,30000
"1246","8 2020 Potrero Hill",80000,1,80000
"1247","8 2020 Russian Hill",138003.69,3,46001.23
"1248","8 2020 South of Market",26491,1,26491
"1249","8 2020 West of Twin Peaks",12000,1,12000
"1250","8 2021 Bayview Hunters Point",39500,2,19750
"1251","8 2021 Castro/Upper Market",NA,4,NA
"1252","8 2021 Excelsior",7000,1,7000
"1253","8 2021 Financial District/South Beach",35000,1,35000
"1254","8 2021 Glen Park",45000,1,45000
"1255","8 2021 Haight Ashbury",97000,2,48500
"1256","8 2021 Hayes Valley",NA,4,NA
"1257","8 2021 Inner Richmond",34000,1,34000
"1258","8 2021 Inner Sunset",78800.02,3,26266.6733333333
"1259","8 2021 Marina",118990,4,29747.5
"1260","8 2021 Mission",131600,3,43866.6666666667
"1261","8 2021 Nob Hill",77050,2,38525
"1262","8 2021 Noe Valley",359300,4,89825
"1263","8 2021 North Beach",51671.51,1,51671.51
"1264","8 2021 Oceanview/Merced/Ingleside",44000,2,22000
"1265","8 2021 Outer Mission",520000,2,260000
"1266","8 2021 Pacific Heights",24000,1,24000
"1267","8 2021 Portola",47000,1,47000
"1268","8 2021 Potrero Hill",33400,2,16700
"1269","8 2021 Russian Hill",13500,1,13500
"1270","8 2021 Seacliff",72000,1,72000
"1271","8 2021 Sunset/Parkside",NA,6,NA
"1272","8 2021 West of Twin Peaks",98585,4,24646.25
"1273","8 2022 Outer Richmond",11156.08,1,11156.08
"1274","9 2015 Castro/Upper Market",20000,1,20000
"1275","9 2015 Excelsior",47750,3,15916.6666666667
"1276","9 2015 Glen Park",67517,2,33758.5
"1277","9 2015 Hayes Valley",15000,1,15000
"1278","9 2015 Inner Sunset",68926,2,34463
"1279","9 2015 Marina",120000,2,60000
"1280","9 2015 Mission",22083.76,3,7361.25333333333
"1281","9 2015 Noe Valley",203400,3,67800
"1282","9 2015 Outer Richmond",10000,1,10000
"1283","9 2015 Pacific Heights",56930.87,4,14232.7175
"1284","9 2015 Russian Hill",20354,1,20354
"1285","9 2015 Sunset/Parkside",26854,2,13427
"1286","9 2015 Visitacion Valley",33000,1,33000
"1287","9 2015 Western Addition",48500,1,48500
"1288","9 2016 Bayview Hunters Point",32900,1,32900
"1289","9 2016 Bernal Heights",25000,2,12500
"1290","9 2016 Excelsior",10000,1,10000
"1291","9 2016 Haight Ashbury",9000,1,9000
"1292","9 2016 Inner Sunset",30000,1,30000
"1293","9 2016 Marina",20500,2,10250
"1294","9 2016 Mission",140000,2,70000
"1295","9 2016 Nob Hill",17500,1,17500
"1296","9 2016 Noe Valley",50000,1,50000
"1297","9 2016 North Beach",19390,1,19390
"1298","9 2016 Oceanview/Merced/Ingleside",38000,1,38000
"1299","9 2016 Outer Richmond",35980,2,17990
"1300","9 2016 Potrero Hill",20000,1,20000
"1301","9 2016 Presidio Heights",74959.92,1,74959.92
"1302","9 2016 Sunset/Parkside",99650.24,2,49825.12
"1303","9 2016 Western Addition",113109,3,37703
"1304","9 2017 Bernal Heights",29042.5,1,29042.5
"1305","9 2017 Excelsior",139000,2,69500
"1306","9 2017 Glen Park",10476.7,1,10476.7
"1307","9 2017 Haight Ashbury",40000,1,40000
"1308","9 2017 Inner Richmond",41000,2,20500
"1309","9 2017 Noe Valley",235000,3,78333.3333333333
"1310","9 2017 North Beach",30000,1,30000
"1311","9 2017 Outer Richmond",312375,3,104125
"1312","9 2017 Pacific Heights",58953.4,4,14738.35
"1313","9 2017 Russian Hill",40000,1,40000
"1314","9 2017 Sunset/Parkside",45000,1,45000
"1315","9 2017 West of Twin Peaks",24278.06,1,24278.06
"1316","9 2017 Western Addition",59206.21,1,59206.21
"1317","9 2018 Bayview Hunters Point",25000,1,25000
"1318","9 2018 Bernal Heights",76000,2,38000
"1319","9 2018 Haight Ashbury",136300,2,68150
"1320","9 2018 Hayes Valley",178000,4,44500
"1321","9 2018 Inner Richmond",1e+05,1,1e+05
"1322","9 2018 Inner Sunset",32500,1,32500
"1323","9 2018 Lone Mountain/USF",2500,1,2500
"1324","9 2018 Mission",242207.82,5,48441.564
"1325","9 2018 Noe Valley",75000,1,75000
"1326","9 2018 Outer Mission",50240,1,50240
"1327","9 2018 Russian Hill",16000,1,16000
"1328","9 2018 Sunset/Parkside",105000,3,35000
"1329","9 2018 Twin Peaks",15000,1,15000
"1330","9 2018 Visitacion Valley",27000,1,27000
"1331","9 2019 Bayview Hunters Point",60000,1,60000
"1332","9 2019 Castro/Upper Market",75000,1,75000
"1333","9 2019 Hayes Valley",80000,1,80000
"1334","9 2019 Marina",50526.99,1,50526.99
"1335","9 2019 Mission",NA,5,NA
"1336","9 2019 Nob Hill",20000,1,20000
"1337","9 2019 Noe Valley",182000,2,91000
"1338","9 2019 North Beach",46000,1,46000
"1339","9 2019 Pacific Heights",12000,1,12000
"1340","9 2019 Portola",39000,1,39000
"1341","9 2019 Presidio Heights",221080.5,4,55270.125
"1342","9 2019 Russian Hill",265000,2,132500
"1343","9 2019 South of Market",55353.11,1,55353.11
"1344","9 2019 Sunset/Parkside",85000,2,42500
"1345","9 2019 Western Addition",70000,1,70000
"1346","9 2020 Bernal Heights",33166.67,2,16583.335
"1347","9 2020 Castro/Upper Market",192000,3,64000
"1348","9 2020 Excelsior",48000,2,24000
"1349","9 2020 Hayes Valley",30000,1,30000
"1350","9 2020 Inner Richmond",115000,2,57500
"1351","9 2020 Marina",9000,1,9000
"1352","9 2020 Mission",235000,3,78333.3333333333
"1353","9 2020 Nob Hill",6000,1,6000
"1354","9 2020 Noe Valley",26000,1,26000
"1355","9 2020 North Beach",75000,1,75000
"1356","9 2020 Portola",88500,1,88500
"1357","9 2020 Potrero Hill",125000,2,62500
"1358","9 2020 Presidio Heights",35000,1,35000
"1359","9 2020 Russian Hill",60000,2,30000
"1360","9 2020 South of Market",NA,3,NA
"1361","9 2020 Sunset/Parkside",174490,5,34898
"1362","9 2020 Western Addition",30000,1,30000
"1363","9 2021 Bayview Hunters Point",64457.46,2,32228.73
"1364","9 2021 Bernal Heights",156160.15,3,52053.3833333333
"1365","9 2021 Castro/Upper Market",122300,1,122300
"1366","9 2021 Excelsior",20133,1,20133
"1367","9 2021 Financial District/South Beach",6000,1,6000
"1368","9 2021 Haight Ashbury",140055.74,2,70027.87
"1369","9 2021 Inner Richmond",96556,4,24139
"1370","9 2021 Inner Sunset",173000,4,43250
"1371","9 2021 Lone Mountain/USF",32310,1,32310
"1372","9 2021 Marina",175765,3,58588.3333333333
"1373","9 2021 McLaren Park",NA,1,NA
"1374","9 2021 Mission",92000,2,46000
"1375","9 2021 Nob Hill",92500,2,46250
"1376","9 2021 Noe Valley",30000,1,30000
"1377","9 2021 North Beach",11800,1,11800
"1378","9 2021 Outer Mission",75000,1,75000
"1379","9 2021 Potrero Hill",41000,1,41000
"1380","9 2021 South of Market",96000,1,96000
"1381","9 2021 Sunset/Parkside",22500,2,11250
"1382","9 2021 Twin Peaks",23500,1,23500
"1383","9 2021 West of Twin Peaks",36000,2,18000
