"","sem_year_nhood","avg_rent_sqft","sem","year","nhood","avg_rent_mq","date"
"1","1 2011 inner sunset",2.38690476190476,"1","2011","inner sunset",25.6924400924056,2011-03-15
"2","1 2011 lower pac hts",1.795,"1","2011","lower pac hts",19.3212275168724,2011-03-15
"3","1 2011 mission district",1.8125,"1","2011","mission district",19.5095960302681,2011-03-15
"4","1 2011 pacific heights",2.39677518427518,"1","2011","pacific heights",25.7986844803202,2011-03-15
"5","1 2011 presidio hts / laurel hts / lake st",2.6,"1","2011","presidio hts / laurel hts / lake st",27.9861791330743,2011-03-15
"6","1 2011 russian hill",2.5,"1","2011","russian hill",26.909787627956,2011-03-15
"7","1 2011 san francisco",1.91584236410329,"1","2011","san francisco",20.6219644586643,2011-03-15
"8","1 2011 SOMA / south beach",4.684375,"1","2011","SOMA / south beach",50.4222145678826,2011-03-15
"9","1 2012 alamo square",3.59803811111983,"1","2012","alamo square",38.7289765790107,2012-03-15
"10","1 2012 bayview",1.62718784094745,"1","2012","bayview",17.5149116922753,2012-03-15
"11","1 2012 bernal",2.76694192938095,"1","2012","bernal",29.7831278794113,2012-03-15
"12","1 2012 candlestick point",2.40261436908409,"1","2012","candlestick point",25.8615369695714,2012-03-15
"13","1 2012 castro",3.1458495834786,"1","2012","castro",33.8616576803612,2012-03-15
"14","1 2012 CCSF",2.33461828866505,"1","2012","CCSF",25.1296329361274,2012-03-15
"15","1 2012 civic / van ness",3.5320476481433,"1","2012","civic / van ness",38.0186608413431,2012-03-15
"16","1 2012 cole valley",2.99397077567587,"1","2012","cole valley",32.2268470950978,2012-03-15
"17","1 2012 diamond heights",2.80172416233619,"1","2012","diamond heights",30.1575208802319,2012-03-15
"18","1 2012 downtown",2.89054812832766,"1","2012","downtown",31.1136145046733,2012-03-15
"19","1 2012 excelsior / outer mission",2.12618013638794,"1","2012","excelsior / outer mission",22.8860223715912,2012-03-15
"20","1 2012 financial district",4.57866989803999,"1","2012","financial district",49.2844138299085,2012-03-15
"21","1 2012 glen park",2.37640467961518,"1","2012","glen park",25.5794180986102,2012-03-15
"22","1 2012 haight ashbury",3.09095747629265,"1","2012","haight ashbury",33.2708037016313,2012-03-15
"23","1 2012 hayes valley",3.07961261955571,"1","2012","hayes valley",33.148688627447,2012-03-15
"24","1 2012 ingleside",2.53101663246925,"1","2012","ingleside",27.2436480250288,2012-03-15
"25","1 2012 inner richmond",2.28462387472662,"1","2012","inner richmond",24.5914973114605,2012-03-15
"26","1 2012 inner sunset",2.79459595144606,"1","2012","inner sunset",30.0807934237437,2012-03-15
"27","1 2012 lakeshore",2.19961589135502,"1","2012","lakeshore",23.6764785997763,2012-03-15
"28","1 2012 lower haight",2.20232432104594,"1","2012","lower haight",23.7056319068915,2012-03-15
"29","1 2012 lower pac hts",3.66750506030103,"1","2012","lower pac hts",39.476712918862,2012-03-15
"30","1 2012 marina / cow hollow",3.41859233112402,"1","2012","marina / cow hollow",36.7974374468426,2012-03-15
"31","1 2012 mission district",2.59862786211393,"1","2012","mission district",27.9714095574301,2012-03-15
"32","1 2012 nob hill",3.57417223760942,"1","2012","nob hill",38.4720863439223,2012-03-15
"33","1 2012 noe valley",2.88681751333202,"1","2012","noe valley",31.0734584817715,2012-03-15
"34","1 2012 NOPA",2.78311282467532,"1","2012","NOPA",29.9571900226615,2012-03-15
"35","1 2012 north beach / telegraph hill",3.71910524459652,"1","2012","north beach / telegraph hill",40.0321329192439,2012-03-15
"36","1 2012 outer richmond",2.11885769459299,"1","2012","outer richmond",22.8072042301431,2012-03-15
"37","1 2012 outer sunset",2.2740283721571,"1","2012","outer sunset",24.4774482218777,2012-03-15
"38","1 2012 pacific heights",3.49586086197662,"1","2012","pacific heights",37.6291493490696,2012-03-15
"39","1 2012 parkside",2.00130497751514,"1","2012","parkside",21.5418767694815,2012-03-15
"40","1 2012 portola",2.35848518607162,"1","2012","portola",25.3865341923471,2012-03-15
"41","1 2012 potrero hill",2.80598847299234,"1","2012","potrero hill",30.2034215578866,2012-03-15
"42","1 2012 presidio hts / laurel hts / lake st",3.24353202460652,"1","2012","presidio hts / laurel hts / lake st",34.9131031786542,2012-03-15
"43","1 2012 russian hill",3.52027370471844,"1","2012","russian hill",37.8919271145005,2012-03-15
"44","1 2012 san francisco",1.96375889320744,"1","2012","san francisco",21.1377339074889,2012-03-15
"45","1 2012 sea cliff",2.28801973956199,"1","2012","sea cliff",24.6280501120738,2012-03-15
"46","1 2012 SOMA / south beach",3.89261609277975,"1","2012","SOMA / south beach",41.8997889495468,2012-03-15
"47","1 2012 tenderloin",3.2759595959596,"1","2012","tenderloin",35.262150802015,2012-03-15
"48","1 2012 treasure island",0.6,"1","2012","treasure island",6.45834903070945,2012-03-15
"49","1 2012 twin peaks",2.09615384615385,"1","2012","twin peaks",22.5628219342093,2012-03-15
"50","1 2012 USF / anza vista",2.50833389958997,"1","2012","USF / anza vista",26.9994930151876,2012-03-15
"51","1 2012 visitacion valley",1.79172545262975,"1","2012","visitacion valley",19.285980567148,2012-03-15
"52","1 2012 west portal / forest hills",2.27920370332409,"1","2012","west portal / forest hills",24.5331550469209,2012-03-15
"53","1 2012 western addition",2.295741401449,"1","2012","western addition",24.7111654246795,2012-03-15
"54","1 2013 bernal",3.55231018981019,"1","2013","bernal",38.2367651185666,2013-03-15
"55","1 2013 candlestick point",2.28166902436132,"1","2013","candlestick point",24.5596915531395,2013-03-15
"56","1 2013 castro",3.49054818673787,"1","2013","castro",37.5719641641053,2013-03-15
"57","1 2013 CCSF",2.42201841262186,"1","2013","CCSF",26.0704004458614,2013-03-15
"58","1 2013 civic / van ness",4.12710835675952,"1","2013","civic / van ness",44.4238437591845,2013-03-15
"59","1 2013 cole valley",3.49509803921569,"1","2013","cole valley",37.6209383896719,2013-03-15
"60","1 2013 diamond heights",4.5958795562599,"1","2013","diamond heights",49.4696571290476,2013-03-15
"61","1 2013 excelsior / outer mission",2.41666666666667,"1","2013","excelsior / outer mission",26.0127947070242,2013-03-15
"62","1 2013 financial district",4.8780487804878,"1","2013","financial district",52.5069026886947,2013-03-15
"63","1 2013 glen park",3.10380003450656,"1","2013","glen park",33.4090399072856,2013-03-15
"64","1 2013 haight ashbury",2.28571428571429,"1","2013","haight ashbury",24.6032344027027,2013-03-15
"65","1 2013 hayes valley",2.88005835984584,"1","2013","hayes valley",31.0007035278284,2013-03-15
"66","1 2013 inner richmond",2.465,"1","2013","inner richmond",26.5330506011647,2013-03-15
"67","1 2013 inner sunset",3.41225376915306,"1","2013","inner sunset",36.7292097042405,2013-03-15
"68","1 2013 lower pac hts",4.09593567421794,"1","2013","lower pac hts",44.0883036523895,2013-03-15
"69","1 2013 marina / cow hollow",4.26300377206579,"1","2013","marina / cow hollow",45.8866104653864,2013-03-15
"70","1 2013 mission district",2.93648506680828,"1","2013","mission district",31.6080758081901,2013-03-15
"71","1 2013 nob hill",3.76392304716049,"1","2013","nob hill",40.5145479388232,2013-03-15
"72","1 2013 noe valley",4.28434500648508,"1","2013","noe valley",46.116325699763,2013-03-15
"73","1 2013 NOPA",4.46153846153846,"1","2013","NOPA",48.0236209975831,2013-03-15
"74","1 2013 north beach / telegraph hill",5.174,"1","2013","north beach / telegraph hill",55.6924964748178,2013-03-15
"75","1 2013 outer sunset",3.1686564333363,"1","2013","outer sunset",34.1071486748146,2013-03-15
"76","1 2013 pacific heights",4.43390279188599,"1","2013","pacific heights",47.7261529970613,2013-03-15
"77","1 2013 parkside",2.32618769470405,"1","2013","parkside",25.0388867389002,2013-03-15
"78","1 2013 portola",2.10810810810811,"1","2013","portola",22.6914965943845,2013-03-15
"79","1 2013 potrero hill",3.7349780281189,"1","2013","potrero hill",40.2029862127046,2013-03-15
"80","1 2013 presidio hts / laurel hts / lake st",3.43155578898226,"1","2013","presidio hts / laurel hts / lake st",36.9369750059983,2013-03-15
"81","1 2013 russian hill",3.50088623019829,"1","2013","russian hill",37.6832419857087,2013-03-15
"82","1 2013 san francisco",1.89164586175575,"1","2013","san francisco",20.3615153628596,2013-03-15
"83","1 2013 sea cliff",2.46558510077029,"1","2013","sea cliff",26.5393485761524,2013-03-15
"84","1 2013 SOMA / south beach",4.09637772232862,"1","2013","SOMA / south beach",44.0930618207014,2013-03-15
"85","1 2013 tenderloin",4.08666666666667,"1","2013","tenderloin",43.9885328424988,2013-03-15
"86","1 2013 twin peaks",3.14893617021277,"1","2013","twin peaks",33.8948814377659,2013-03-15
"87","1 2013 USF / anza vista",3.6,"1","2013","USF / anza vista",38.7500941842567,2013-03-15
"88","1 2013 visitacion valley",2.28716216144354,"1","2013","visitacion valley",24.618819214057,2013-03-15
"89","1 2013 west portal / forest hills",1.50957371794872,"1","2013","west portal / forest hills",16.2489232634976,2013-03-15
"90","1 2013 western addition",3.48545454545455,"1","2013","western addition",37.5171366420303,2013-03-15
"91","1 2014 alamo square",4.5,"1","2014","alamo square",48.4376177303209,2014-03-15
"92","1 2014 bayview",2,"1","2014","bayview",21.5278301023648,2014-03-15
"93","1 2014 bernal",3,"1","2014","bernal",32.2917451535472,2014-03-15
"94","1 2014 castro",3.43958333333333,"1","2014","castro",37.0233828114629,2014-03-15
"95","1 2014 CCSF",3.21951219512195,"1","2014","CCSF",34.6545557745385,2014-03-15
"96","1 2014 civic / van ness",4.15769427832548,"1","2014","civic / van ness",44.7530680206827,2014-03-15
"97","1 2014 cole valley",2.96969696969697,"1","2014","cole valley",31.965565909572,2014-03-15
"98","1 2014 diamond heights",4.01507537688442,"1","2014","diamond heights",43.2179302808781,2014-03-15
"99","1 2014 downtown",3.34129493821346,"1","2014","downtown",35.9654148758755,2014-03-15
"100","1 2014 excelsior / outer mission",4.01002673796791,"1","2014","excelsior / outer mission",43.1635871604568,2014-03-15
"101","1 2014 financial district",2.21875,"1","2014","financial district",23.882436519811,2014-03-15
"102","1 2014 glen park",2.95227272727273,"1","2014","glen park",31.7780128442863,2014-03-15
"103","1 2014 haight ashbury",3.09880050505051,"1","2014","haight ashbury",33.3552253969248,2014-03-15
"104","1 2014 ingleside",2.63918035241796,"1","2014","ingleside",28.4079131181766,2014-03-15
"105","1 2014 inner richmond",3.22970085470085,"1","2014","inner richmond",34.7642256407312,2014-03-15
"106","1 2014 inner sunset",3.37185592185592,"1","2014","inner sunset",36.2943707076835,2014-03-15
"107","1 2014 lakeshore",2.43243243243243,"1","2014","lakeshore",26.1824960704437,2014-03-15
"108","1 2014 lower pac hts",3.95658509491941,"1","2014","lower pac hts",42.588345854487,2014-03-15
"109","1 2014 marina / cow hollow",3.81233786774712,"1","2014","marina / cow hollow",41.0356809548359,2014-03-15
"110","1 2014 mission district",3.82592893217893,"1","2014","mission district",41.1819740178351,2014-03-15
"111","1 2014 nob hill",4.25249970807066,"1","2014","nob hill",45.7735456128506,2014-03-15
"112","1 2014 noe valley",4.48578126633613,"1","2014","noe valley",48.2845684890276,2014-03-15
"113","1 2014 NOPA",4.84615384615385,"1","2014","NOPA",52.1635883249609,2014-03-15
"114","1 2014 north beach / telegraph hill",4.22109090909091,"1","2014","north beach / telegraph hill",45.4354639687729,2014-03-15
"115","1 2014 outer sunset",2.9873301985371,"1","2014","outer sunset",32.1553684868852,2014-03-15
"116","1 2014 pacific heights",3.47799515963074,"1","2014","pacific heights",37.4368444466889,2014-03-15
"117","1 2014 parkside",2.68695652173913,"1","2014","parkside",28.9221717462206,2014-03-15
"118","1 2014 potrero hill",2.85347038952267,"1","2014","potrero hill",30.7145128738864,2014-03-15
"119","1 2014 russian hill",4.66728395061728,"1","2014","russian hill",50.2382479641915,2014-03-15
"120","1 2014 sea cliff",2.16965490906508,"1","2014","sea cliff",23.3539811315574,2014-03-15
"121","1 2014 SOMA / south beach",4.39945128275963,"1","2014","SOMA / south beach",47.3553198794402,2014-03-15
"122","1 2014 tenderloin",3.55,"1","2014","tenderloin",38.2118984316976,2014-03-15
"123","1 2014 USF / anza vista",1.85,"1","2014","USF / anza vista",19.9132428446875,2014-03-15
"124","1 2014 western addition",4.5,"1","2014","western addition",48.4376177303209,2014-03-15
"125","1 2015 alamo square",4.25091308368007,"1","2015","alamo square",45.7564673226922,2015-03-15
"126","1 2015 bayview",2.82828799086289,"1","2015","bayview",30.4434516739275,2015-03-15
"127","1 2015 bernal",4.17132404955415,"1","2015","bernal",44.8997777203551,2015-03-15
"128","1 2015 castro",4.70298831275713,"1","2015","castro",50.6225666852214,2015-03-15
"129","1 2015 CCSF",3.57456140350877,"1","2015","CCSF",38.4762752926038,2015-03-15
"130","1 2015 civic / van ness",4.8624826821379,"1","2015","civic / van ness",52.339350528378,2015-03-15
"131","1 2015 cole valley",3.88941798941799,"1","2015","cole valley",41.8653648366359,2015-03-15
"132","1 2015 diamond heights",3.89575328718468,"1","2015","diamond heights",41.9335574436205,2015-03-15
"133","1 2015 downtown",4.98421052631579,"1","2015","downtown",53.6496187024724,2015-03-15
"134","1 2015 excelsior / outer mission",3.29598447424135,"1","2015","excelsior / outer mission",35.4776968907501,2015-03-15
"135","1 2015 financial district",5.20502324653231,"1","2015","financial district",56.0264280651035,2015-03-15
"136","1 2015 glen park",3.23886554621849,"1","2015","glen park",34.8628736016973,2015-03-15
"137","1 2015 haight ashbury",3.7542900570909,"1","2015","haight ashbury",40.4108592520253,2015-03-15
"138","1 2015 hayes valley",5.40345160224227,"1","2015","hayes valley",58.1622940297113,2015-03-15
"139","1 2015 ingleside",3.32466615906682,"1","2015","ingleside",35.7864241097362,2015-03-15
"140","1 2015 inner richmond",3.57598858256753,"1","2015","inner richmond",38.4916373267551,2015-03-15
"141","1 2015 inner sunset",3.82563062250688,"1","2015","inner sunset",41.1787630378661,2015-03-15
"142","1 2015 lakeshore",3.2312008461546,"1","2015","lakeshore",34.7803714213169,2015-03-15
"143","1 2015 lower pac hts",4.55141782303835,"1","2015","lower pac hts",48.9910748096224,2015-03-15
"144","1 2015 marina / cow hollow",4.46447982466398,"1","2015","marina / cow hollow",48.0552815804008,2015-03-15
"145","1 2015 mission district",4.61662493170863,"1","2015","mission district",49.6929585880825,2015-03-15
"146","1 2015 nob hill",5.28206624848429,"1","2015","nob hill",56.8557123934027,2015-03-15
"147","1 2015 noe valley",3.85979964795481,"1","2015","noe valley",41.5465555251694,2015-03-15
"148","1 2015 NOPA",3.621875,"1","2015","NOPA",38.9855548260013,2015-03-15
"149","1 2015 north beach / telegraph hill",4.02858535899599,"1","2015","north beach / telegraph hill",43.36335058067,2015-03-15
"150","1 2015 outer sunset",3.31750477854689,"1","2015","outer sunset",35.7093396181704,2015-03-15
"151","1 2015 pacific heights",4.65109115861403,"1","2015","pacific heights",50.063950126627,2015-03-15
"152","1 2015 parkside",2.85009530145545,"1","2015","parkside",30.6781837126407,2015-03-15
"153","1 2015 portola",2.73725958288381,"1","2015","portola",29.4636296231963,2015-03-15
"154","1 2015 potrero hill",4.72934132417011,"1","2015","potrero hill",50.9062282614136,2015-03-15
"155","1 2015 presidio hts / laurel hts / lake st",4.35838372410201,"1","2015","presidio hts / laurel hts / lake st",46.9132721666901,2015-03-15
"156","1 2015 russian hill",4.26979107038261,"1","2015","russian hill",45.9596683678956,2015-03-15
"157","1 2015 san francisco",2.96857465223652,"1","2015","san francisco",31.9534853797672,2015-03-15
"158","1 2015 sea cliff",2.93440791790141,"1","2015","sea cliff",31.5857175538078,2015-03-15
"159","1 2015 SOMA / south beach",5.13073993135737,"1","2015","SOMA / south beach",55.2268487708402,2015-03-15
"160","1 2015 tenderloin",4.74442744595145,"1","2015","tenderloin",51.0686139947198,2015-03-15
"161","1 2015 twin peaks",4.35909901926031,"1","2015","twin peaks",46.9209715430106,2015-03-15
"162","1 2015 USF / anza vista",4.06217222744361,"1","2015","USF / anza vista",43.7248767794755,2015-03-15
"163","1 2015 visitacion valley",3.09888888888889,"1","2015","visitacion valley",33.3561767530531,2015-03-15
"164","1 2015 west portal / forest hills",2.85967564808513,"1","2015","west portal / forest hills",30.7813057499234,2015-03-15
"165","1 2015 western addition",4.63292775097331,"1","2015","western addition",49.8684407497423,2015-03-15
"166","1 2016 alamo square",4.66666666666667,"1","2016","alamo square",50.2316035721846,2016-03-15
"167","1 2016 bayview",3.10234354153651,"1","2016","bayview",33.3933623406834,2016-03-15
"168","1 2016 bernal",3.42948237106902,"1","2016","bernal",36.9146569117146,2016-03-15
"169","1 2016 castro",4.37250731312938,"1","2016","castro",47.0652972791985,2016-03-15
"170","1 2016 CCSF",3.61842621082586,"1","2016","CCSF",38.9484323523015,2016-03-15
"171","1 2016 civic / van ness",4.95750589455943,"1","2016","civic / van ness",53.3621723147738,2016-03-15
"172","1 2016 cole valley",4.07490294363359,"1","2016","cole valley",43.8619091270852,2016-03-15
"173","1 2016 downtown",3.58504073369495,"1","2016","downtown",38.5890739125211,2016-03-15
"174","1 2016 excelsior / outer mission",3.41705889229901,"1","2016","excelsior / outer mission",36.780931641594,2016-03-15
"175","1 2016 financial district",5.39894636355648,"1","2016","financial district",58.1138000232122,2016-03-15
"176","1 2016 glen park",3.6496921204246,"1","2016","glen park",39.2849759472202,2016-03-15
"177","1 2016 haight ashbury",3.98222305543051,"1","2016","haight ashbury",42.8643106835141,2016-03-15
"178","1 2016 hayes valley",4.70030389914428,"1","2016","hayes valley",50.5936718851305,2016-03-15
"179","1 2016 hunters point",3.26197757390418,"1","2016","hunters point",35.1116495043667,2016-03-15
"180","1 2016 inner richmond",3.70577756062006,"1","2016","inner richmond",39.8886748610923,2016-03-15
"181","1 2016 inner sunset",3.85519567906352,"1","2016","inner sunset",41.4969987951253,2016-03-15
"182","1 2016 lakeshore",5.3122730573711,"1","2016","lakeshore",57.1808559182276,2016-03-15
"183","1 2016 lower haight",4.68279372778643,"1","2016","lower haight",50.405193888103,2016-03-15
"184","1 2016 lower pac hts",4.39526925239152,"1","2016","lower pac hts",47.3103048598164,2016-03-15
"185","1 2016 marina / cow hollow",4.32732950846691,"1","2016","marina / cow hollow",46.5790072276127,2016-03-15
"186","1 2016 mission district",4.32628567050861,"1","2016","mission district",46.5677714445025,2016-03-15
"187","1 2016 nob hill",5.24371115791511,"1","2016","nob hill",56.4428614567357,2016-03-15
"188","1 2016 noe valley",4.35457923199559,"1","2016","noe valley",46.8723209368437,2016-03-15
"189","1 2016 NOPA",4.44063867189848,"1","2016","NOPA",47.7986574373107,2016-03-15
"190","1 2016 north beach / telegraph hill",4.35808296093132,"1","2016","north beach / telegraph hill",46.9100347774702,2016-03-15
"191","1 2016 outer richmond",3.33333333333333,"1","2016","outer richmond",35.8797168372747,2016-03-15
"192","1 2016 outer sunset",3.32175028374293,"1","2016","outer sunset",35.75503787545,2016-03-15
"193","1 2016 pacific heights",4.58327309574881,"1","2016","pacific heights",49.3339622590101,2016-03-15
"194","1 2016 parkside",3.51750169422202,"1","2016","parkside",37.862089428996,2016-03-15
"195","1 2016 portola",2.9329954954955,"1","2016","portola",31.5705143590142,2016-03-15
"196","1 2016 potrero hill",4.45356924573937,"1","2016","potrero hill",47.9378410356972,2016-03-15
"197","1 2016 presidio hts / laurel hts / lake st",4.40238759209927,"1","2016","presidio hts / laurel hts / lake st",47.386926063736,2016-03-15
"198","1 2016 russian hill",4.56022676978841,"1","2016","russian hill",49.0858935641304,2016-03-15
"199","1 2016 san francisco",3.46756432074887,"1","2016","san francisco",37.3245677830519,2016-03-15
"200","1 2016 sea cliff",2.96162048518808,"1","2016","sea cliff",31.8786313164061,2016-03-15
"201","1 2016 SOMA / south beach",4.70387985984535,"1","2016","SOMA / south beach",50.6321632223432,2016-03-15
"202","1 2016 tenderloin",5.44834795565657,"1","2016","tenderloin",58.6455545639707,2016-03-15
"203","1 2016 treasure island",5.43108808290155,"1","2016","treasure island",58.4597707598415,2016-03-15
"204","1 2016 twin peaks",3.54609671532901,"1","2016","twin peaks",38.1698838070785,2016-03-15
"205","1 2016 USF / anza vista",4.44416666666667,"1","2016","USF / anza vista",47.8366324732965,2016-03-15
"206","1 2016 visitacion valley",4.15025955446556,"1","2016","visitacion valley",44.6730412846255,2016-03-15
"207","1 2016 west portal / forest hills",3.23754419861484,"1","2016","west portal / forest hills",34.8486507283385,2016-03-15
"208","1 2016 western addition",4.03438625910393,"1","2016","western addition",43.4257909766523,2016-03-15
"209","1 2017 alamo square",4.49285714285714,"1","2017","alamo square",48.3607326228124,2017-03-15
"210","1 2017 bayview",2.74102079395085,"1","2017","bayview",29.5041149796115,2017-03-15
"211","1 2017 bernal",3.87453874538745,"1","2017","bernal",41.7052059178654,2017-03-15
"212","1 2017 castro",3.37692307692308,"1","2017","castro",36.3489131343775,2017-03-15
"213","1 2017 excelsior / outer mission",2.23529411764706,"1","2017","excelsior / outer mission",24.0605159967607,2017-03-15
"214","1 2017 hayes valley",4.99857142857143,"1","2017","hayes valley",53.8041982344104,2017-03-15
"215","1 2017 ingleside",3.81818181818182,"1","2017","ingleside",41.0985847408783,2017-03-15
"216","1 2017 inner richmond",2.64705882352941,"1","2017","inner richmond",28.4927163119535,2017-03-15
"217","1 2017 lower haight",4.32335164835165,"1","2017","lower haight",46.5361898792466,2017-03-15
"218","1 2017 lower pac hts",4.18592803030303,"1","2017","lower pac hts",45.0569737285452,2017-03-15
"219","1 2017 marina / cow hollow",5.4325641025641,"1","2017","marina / cow hollow",58.475658510103,2017-03-15
"220","1 2017 mission district",4.29864749430524,"1","2017","mission district",46.2702764636797,2017-03-15
"221","1 2017 nob hill",3.25,"1","2017","nob hill",34.9827239163429,2017-03-15
"222","1 2017 noe valley",4.21428571428571,"1","2017","noe valley",45.362213429983,2017-03-15
"223","1 2017 outer sunset",2.73581973581974,"1","2017","outer sunset",29.448131231712,2017-03-15
"224","1 2017 pacific heights",4.41007721438756,"1","2017","pacific heights",47.4696965048229,2017-03-15
"225","1 2017 parkside",2.50153846153846,"1","2017","parkside",26.9263474972656,2017-03-15
"226","1 2017 potrero hill",4.74912846632711,"1","2017","potrero hill",51.1192153786972,2017-03-15
"227","1 2017 presidio hts / laurel hts / lake st",3.57246376811594,"1","2017","presidio hts / laurel hts / lake st",38.453696523427,2017-03-15
"228","1 2017 sea cliff",3.03860294117647,"1","2017","sea cliff",32.7072639330966,2017-03-15
"229","1 2017 SOMA / south beach",4.00193702533845,"1","2017","SOMA / south beach",43.0765101809247,2017-03-15
"230","1 2017 USF / anza vista",4.23295454545454,"1","2017","USF / anza vista",45.5631631427892,2017-03-15
"231","1 2018 alamo square",3.46666666666667,"1","2018","alamo square",37.3149055107657,2018-03-15
"232","1 2018 bayview",3.52632076148873,"1","2018","bayview",37.9570171198856,2018-03-15
"233","1 2018 bernal",4.00662244834033,"1","2018","bernal",43.1269436760958,2018-03-15
"234","1 2018 castro",4.12336751074794,"1","2018","castro",44.3835776104963,2018-03-15
"235","1 2018 CCSF",4.40277777777778,"1","2018","CCSF",47.3911259892337,2018-03-15
"236","1 2018 civic / van ness",5.12667953509577,"1","2018","civic / van ness",55.1831430104062,2018-03-15
"237","1 2018 cole valley",4.06317447984115,"1","2018","cole valley",43.7356649391424,2018-03-15
"238","1 2018 diamond heights",3.61394901094811,"1","2018","diamond heights",38.9002401531502,2018-03-15
"239","1 2018 downtown",3.88563302214668,"1","2018","downtown",41.8246237704561,2018-03-15
"240","1 2018 excelsior / outer mission",3.36030369484317,"1","2018","excelsior / outer mission",36.1700235174663,2018-03-15
"241","1 2018 financial district",4.66677519379845,"1","2018","financial district",50.2327717490119,2018-03-15
"242","1 2018 glen park",3.23333333333333,"1","2018","glen park",34.8033253321565,2018-03-15
"243","1 2018 haight ashbury",3.69386162108155,"1","2018","haight ashbury",39.7604127001448,2018-03-15
"244","1 2018 hayes valley",5.04812647837461,"1","2018","hayes valley",54.337604580849,2018-03-15
"245","1 2018 hunters point",4.37601296596434,"1","2018","hunters point",47.103031828513,2018-03-15
"246","1 2018 ingleside",4.06791479102825,"1","2018","ingleside",43.7866892460765,2018-03-15
"247","1 2018 inner richmond",3.74279539913726,"1","2018","inner richmond",40.2871317302698,2018-03-15
"248","1 2018 inner sunset",4.92194444444444,"1","2018","inner sunset",52.9793918866392,2018-03-15
"249","1 2018 lakeshore",2.83427230046948,"1","2018","lakeshore",30.5078662741729,2018-03-15
"250","1 2018 lower haight",5.99090909090909,"1","2018","lower haight",64.4856365339019,2018-03-15
"251","1 2018 lower pac hts",5.3398576260471,"1","2018","lower pac hts",57.4777738721796,2018-03-15
"252","1 2018 marina / cow hollow",4.10311075278162,"1","2018","marina / cow hollow",44.1655355885344,2018-03-15
"253","1 2018 mission district",4.20419917594619,"1","2018","mission district",45.2536427881359,2018-03-15
"254","1 2018 nob hill",4.6293396940172,"1","2018","nob hill",49.8298192094679,2018-03-15
"255","1 2018 noe valley",6.27898550724638,"1","2018","noe valley",67.5864666076055,2018-03-15
"256","1 2018 NOPA",7.77222971959814,"1","2018","NOPA",83.6596204600297,2018-03-15
"257","1 2018 north beach / telegraph hill",4.71137992831541,"1","2018","north beach / telegraph hill",50.712893322233,2018-03-15
"258","1 2018 outer sunset",3.93229215887457,"1","2018","outer sunset",42.3268587545566,2018-03-15
"259","1 2018 pacific heights",4.3388369974683,"1","2018","pacific heights",46.7028728616761,2018-03-15
"260","1 2018 parkside",3.60037164557181,"1","2018","parkside",38.7540945456208,2018-03-15
"261","1 2018 portola",2.56646341463415,"1","2018","portola",27.6251941770895,2018-03-15
"262","1 2018 potrero hill",4.25778586178296,"1","2018","potrero hill",45.8304453223573,2018-03-15
"263","1 2018 presidio hts / laurel hts / lake st",4.33928003717199,"1","2018","presidio hts / laurel hts / lake st",46.707641703411,2018-03-15
"264","1 2018 russian hill",4.90943684769117,"1","2018","russian hill",52.8447611776925,2018-03-15
"265","1 2018 san francisco",3.24002913702102,"1","2018","san francisco",34.8753983942501,2018-03-15
"266","1 2018 sea cliff",3.52252884216363,"1","2018","sea cliff",37.9162012223893,2018-03-15
"267","1 2018 SOMA / south beach",5.24025487093422,"1","2018","SOMA / south beach",56.4056582772809,2018-03-15
"268","1 2018 twin peaks",6.39558232931727,"1","2018","twin peaks",68.8415048956144,2018-03-15
"269","1 2018 USF / anza vista",4.14731481481481,"1","2018","USF / anza vista",44.641344357177,2018-03-15
"270","1 2018 visitacion valley",3.50960101989514,"1","2018","visitacion valley",37.7770472416944,2018-03-15
"271","1 2018 west portal / forest hills",3.09392814528543,"1","2018","west portal / forest hills",33.3027797303148,2018-03-15
"272","1 2018 western addition",3.65794236723029,"1","2018","western addition",39.373780902988,2018-03-15
"273","2 2011 alamo square",3.39610082868905,"2","2011","alamo square",36.5553408252591,2011-09-15
"274","2 2011 bayview",1.67888239033694,"2","2011","bayview",18.0713474305129,2011-09-15
"275","2 2011 bernal",2.56352760753687,"2","2011","bernal",27.5935933988877,2011-09-15
"276","2 2011 candlestick point",2.35228226540057,"2","2011","candlestick point",25.3197664811746,2011-09-15
"277","2 2011 castro",3.36225662055667,"2","2011","castro",36.1910446439477,2011-09-15
"278","2 2011 CCSF",1.8606817905924,"2","2011","CCSF",20.0282207312186,2011-09-15
"279","2 2011 civic / van ness",3.7219111801863,"2","2011","civic / van ness",40.0623357715714,2011-09-15
"280","2 2011 cole valley",3.25138177036896,"2","2011","cole valley",34.9975971752146,2011-09-15
"281","2 2011 diamond heights",2.7257356382041,"2","2011","diamond heights",29.3395868616095,2011-09-15
"282","2 2011 downtown",3.19200194704037,"2","2011","downtown",34.3584378011514,2011-09-15
"283","2 2011 excelsior / outer mission",1.88625297227121,"2","2011","excelsior / outer mission",20.3034667585677,2011-09-15
"284","2 2011 financial district",4.9975362431189,"2","2011","financial district",53.7930555861372,2011-09-15
"285","2 2011 glen park",2.33818799986563,"2","2011","glen park",25.1680570042478,2011-09-15
"286","2 2011 haight ashbury",2.87347443326686,"2","2011","haight ashbury",30.9298347014291,2011-09-15
"287","2 2011 hayes valley",3.31270537804874,"2","2011","hayes valley",35.6576792789117,2011-09-15
"288","2 2011 ingleside",2.40812623264696,"2","2011","ingleside",25.9208662007358,2011-09-15
"289","2 2011 inner richmond",2.07084953497631,"2","2011","inner richmond",22.2904484782656,2011-09-15
"290","2 2011 inner sunset",2.83029863719461,"2","2011","inner sunset",30.4650941002402,2011-09-15
"291","2 2011 lakeshore",2.48019480519481,"2","2011","lakeshore",26.6966061935008,2011-09-15
"292","2 2011 lower haight",2.87561553030303,"2","2011","lower haight",30.9528812880427,2011-09-15
"293","2 2011 lower pac hts",3.3767149988535,"2","2011","lower pac hts",36.3466733997126,2011-09-15
"294","2 2011 marina / cow hollow",3.31370913049135,"2","2011","marina / cow hollow",35.6684835849364,2011-09-15
"295","2 2011 mission district",2.67164363606457,"2","2011","mission district",28.7573451456312,2011-09-15
"296","2 2011 nob hill",3.53128876360946,"2","2011","nob hill",38.0104922726872,2011-09-15
"297","2 2011 noe valley",2.89020994766837,"2","2011","noe valley",31.1099743567847,2011-09-15
"298","2 2011 NOPA",2.83235294117647,"2","2011","NOPA",30.4872064537902,2011-09-15
"299","2 2011 north beach / telegraph hill",3.70636100170875,"2","2011","north beach / telegraph hill",39.8949549714083,2011-09-15
"300","2 2011 outer richmond",2.620670995671,"2","2011","outer richmond",28.2086799745002,2011-09-15
"301","2 2011 outer sunset",2.04077038742276,"2","2011","outer sunset",21.9666790891872,2011-09-15
"302","2 2011 pacific heights",3.29218715565174,"2","2011","pacific heights",35.4368228760292,2011-09-15
"303","2 2011 parkside",2.10531710322362,"2","2011","parkside",22.6614544549005,2011-09-15
"304","2 2011 portola",2.27182078869124,"2","2011","portola",24.4536859809827,2011-09-15
"305","2 2011 potrero hill",3.01069566373567,"2","2011","potrero hill",32.406872369414,2011-09-15
"306","2 2011 presidio hts / laurel hts / lake st",2.78350514563539,"2","2011","presidio hts / laurel hts / lake st",29.9614129321485,2011-09-15
"307","2 2011 russian hill",3.2761842666922,"2","2011","russian hill",35.2645691386953,2011-09-15
"308","2 2011 san francisco",1.84442353052141,"2","2011","san francisco",19.8532182009344,2011-09-15
"309","2 2011 sea cliff",2.31813800804491,"2","2011","sea cliff",24.9522405955126,2011-09-15
"310","2 2011 SOMA / south beach",3.91263459235795,"2","2011","SOMA / south beach",42.1152663784587,2011-09-15
"311","2 2011 tenderloin",3.63451858813701,"2","2011","tenderloin",39.1216493346502,2011-09-15
"312","2 2011 treasure island",0.666666666666667,"2","2011","treasure island",7.17594336745494,2011-09-15
"313","2 2011 twin peaks",3.07333242296423,"2","2011","twin peaks",33.0810891248316,2011-09-15
"314","2 2011 USF / anza vista",3.05604138257794,"2","2011","USF / anza vista",32.894969834967,2011-09-15
"315","2 2011 visitacion valley",1.7648275862069,"2","2011","visitacion valley",18.9964542179143,2011-09-15
"316","2 2011 west portal / forest hills",1.94038303923172,"2","2011","west portal / forest hills",20.8861182010454,2011-09-15
"317","2 2012 alamo square",1.09090909090909,"2","2012","alamo square",11.7424527831081,2012-09-15
"318","2 2012 bayview",2.35059523809524,"2","2012","bayview",25.301607462571,2012-09-15
"319","2 2012 bernal",2.96832655049868,"2","2012","bernal",31.9508148337371,2012-09-15
"320","2 2012 candlestick point",2.21105609485199,"2","2012","candlestick point",23.7996199783859,2012-09-15
"321","2 2012 castro",2.8125,"2","2012","castro",30.2735110814505,2012-09-15
"322","2 2012 civic / van ness",3.30105393115066,"2","2012","civic / van ness",35.5322640942774,2012-09-15
"323","2 2012 cole valley",3.07792492713903,"2","2012","cole valley",33.1305224496414,2012-09-15
"324","2 2012 diamond heights",1.17857142857143,"2","2012","diamond heights",12.6860427388936,2012-09-15
"325","2 2012 excelsior / outer mission",2.61666666666667,"2","2012","excelsior / outer mission",28.1655777172607,2012-09-15
"326","2 2012 financial district",5.24177236973418,"2","2012","financial district",56.4219925054539,2012-09-15
"327","2 2012 glen park",2.13382352941176,"2","2012","glen park",22.9682952048025,2012-09-15
"328","2 2012 haight ashbury",3.67368421052632,"2","2012","haight ashbury",39.5432247669754,2012-09-15
"329","2 2012 ingleside",2.68693259157742,"2","2012","ingleside",28.9219141639927,2012-09-15
"330","2 2012 inner sunset",3.19579182703192,"2","2012","inner sunset",34.3992317474347,2012-09-15
"331","2 2012 lakeshore",2.79021366169421,"2","2012","lakeshore",30.0336228291251,2012-09-15
"332","2 2012 lower haight",2.27272727272727,"2","2012","lower haight",24.4634432981419,2012-09-15
"333","2 2012 lower pac hts",3.88628406837991,"2","2012","lower pac hts",41.8316315768049,2012-09-15
"334","2 2012 marina / cow hollow",3.17546296296296,"2","2012","marina / cow hollow",34.1804135815093,2012-09-15
"335","2 2012 mission district",2.7811378302077,"2","2012","mission district",29.9359313499855,2012-09-15
"336","2 2012 nob hill",4.11955937116042,"2","2012","nob hill",44.3425871194732,2012-09-15
"337","2 2012 noe valley",2.97097402597403,"2","2012","noe valley",31.9793120348538,2012-09-15
"338","2 2012 NOPA",2.49273222117795,"2","2012","NOPA",26.8315578741047,2012-09-15
"339","2 2012 north beach / telegraph hill",4.46530967292972,"2","2012","north beach / telegraph hill",48.0642139966386,2012-09-15
"340","2 2012 outer richmond",2.89115646258503,"2","2012","outer richmond",31.1201625629424,2012-09-15
"341","2 2012 outer sunset",3.91666666666667,"2","2012","outer sunset",42.1586672837978,2012-09-15
"342","2 2012 pacific heights",3.47053850814041,"2","2012","pacific heights",37.3565816834807,2012-09-15
"343","2 2012 parkside",2.17777777777778,"2","2012","parkside",23.4414150003528,2012-09-15
"344","2 2012 portola",2.96006944444444,"2","2012","portola",31.8619360456007,2012-09-15
"345","2 2012 potrero hill",2.61693616259289,"2","2012","potrero hill",28.1684785485172,2012-09-15
"346","2 2012 presidio hts / laurel hts / lake st",2.93939393939394,"2","2012","presidio hts / laurel hts / lake st",31.6393866655968,2012-09-15
"347","2 2012 russian hill",3.78658122987573,"2","2012","russian hill",40.7584386927842,2012-09-15
"348","2 2012 san francisco",1.84974468784472,"2","2012","san francisco",19.9104946863365,2012-09-15
"349","2 2012 sea cliff",2.94094427244582,"2","2012","sea cliff",31.6560743188683,2012-09-15
"350","2 2012 SOMA / south beach",3.98864626711736,"2","2012","SOMA / south beach",42.9334495884671,2012-09-15
"351","2 2012 tenderloin",7.875,"2","2012","tenderloin",84.7658310280615,2012-09-15
"352","2 2012 treasure island",1.41058823529412,"2","2012","treasure island",15.1834519369032,2012-09-15
"353","2 2012 USF / anza vista",3.41446105574013,"2","2012","USF / anza vista",36.7529687495573,2012-09-15
"354","2 2012 visitacion valley",3.93617021276596,"2","2012","visitacion valley",42.3686017972074,2012-09-15
"355","2 2012 west portal / forest hills",3.50625,"2","2012","west portal / forest hills",37.7409771482083,2012-09-15
"356","2 2012 western addition",3.375,"2","2012","western addition",36.3282132977407,2012-09-15
"357","2 2013 alamo square",3.44444444444444,"2","2013","alamo square",37.0757073985172,2013-09-15
"358","2 2013 bayview",2.2193625168972,"2","2013","bayview",23.8890295996599,2013-09-15
"359","2 2013 bernal",2.61089886822057,"2","2013","bernal",28.1034936247546,2013-09-15
"360","2 2013 candlestick point",2.4252801992528,"2","2013","candlestick point",26.1055100400719,2013-09-15
"361","2 2013 castro",4.0867587137948,"2","2013","castro",43.9895236299667,2013-09-15
"362","2 2013 CCSF",2.71100935029934,"2","2013","CCSF",29.1810743495833,2013-09-15
"363","2 2013 civic / van ness",4.28285936667861,"2","2013","civic / van ness",46.1003343990895,2013-09-15
"364","2 2013 cole valley",3.88556096224336,"2","2013","cole valley",41.8238481237782,2013-09-15
"365","2 2013 downtown",3.45035593855377,"2","2013","downtown",37.1393382189355,2013-09-15
"366","2 2013 excelsior / outer mission",2.60714320270924,"2","2013","excelsior / outer mission",28.0630679602299,2013-09-15
"367","2 2013 financial district",4.76403420052732,"2","2013","financial district",51.2796594354038,2013-09-15
"368","2 2013 glen park",2.94497852593509,"2","2013","glen park",31.6994986807217,2013-09-15
"369","2 2013 haight ashbury",3.9997022348996,"2","2013","haight ashbury",43.0524550864838,2013-09-15
"370","2 2013 hayes valley",4.26327542257794,"2","2013","hayes valley",45.8895344884227,2013-09-15
"371","2 2013 inner richmond",3.15034672005756,"2","2013","inner richmond",33.9100644764707,2013-09-15
"372","2 2013 inner sunset",3.35883472163185,"2","2013","inner sunset",36.1542116146072,2013-09-15
"373","2 2013 lower haight",4.65673948299614,"2","2013","lower haight",50.1247482104576,2013-09-15
"374","2 2013 lower pac hts",3.93283260092535,"2","2013","lower pac hts",42.3326760268813,2013-09-15
"375","2 2013 marina / cow hollow",3.81200595064817,"2","2013","marina / cow hollow",41.0321082273787,2013-09-15
"376","2 2013 mission district",3.60177324264232,"2","2013","mission district",38.7691812174237,2013-09-15
"377","2 2013 nob hill",4.40646073422216,"2","2013","nob hill",47.4307690195382,2013-09-15
"378","2 2013 noe valley",3.20926332228525,"2","2013","noe valley",34.5442377779538,2013-09-15
"379","2 2013 NOPA",3.15628392541954,"2","2013","NOPA",33.9739720506285,2013-09-15
"380","2 2013 north beach / telegraph hill",3.83775776630655,"2","2013","north beach / telegraph hill",41.3092985835393,2013-09-15
"381","2 2013 outer richmond",2.46875,"2","2013","outer richmond",26.5734152826066,2013-09-15
"382","2 2013 outer sunset",2.67311424624964,"2","2013","outer sunset",28.7731746687366,2013-09-15
"383","2 2013 pacific heights",4.23183467020308,"2","2013","pacific heights",45.5511089007145,2013-09-15
"384","2 2013 parkside",2.59956870723049,"2","2013","parkside",27.9815367343411,2013-09-15
"385","2 2013 portola",2.45656883298393,"2","2013","portola",26.4422982356213,2013-09-15
"386","2 2013 potrero hill",3.3885663793498,"2","2013","potrero hill",36.474240652614,2013-09-15
"387","2 2013 presidio hts / laurel hts / lake st",3.5729235541944,"2","2013","presidio hts / laurel hts / lake st",38.4586456217172,2013-09-15
"388","2 2013 russian hill",4.75182658853839,"2","2013","russian hill",51.1482577369772,2013-09-15
"389","2 2013 san francisco",2.6419848535138,"2","2013","san francisco",28.4381005297332,2013-09-15
"390","2 2013 sea cliff",2.30590095584627,"2","2013","sea cliff",24.8205220051696,2013-09-15
"391","2 2013 SOMA / south beach",4.26960429933777,"2","2013","SOMA / south beach",45.957657980235,2013-09-15
"392","2 2013 tenderloin",4.05694444444444,"2","2013","tenderloin",43.6686053673664,2013-09-15
"393","2 2013 twin peaks",3.75739098771653,"2","2013","twin peaks",40.4442374058591,2013-09-15
"394","2 2013 visitacion valley",2.03978568171455,"2","2013","visitacion valley",21.9560798005936,2013-09-15
"395","2 2013 west portal / forest hills",2.2890207525141,"2","2013","west portal / forest hills",24.6388249304555,2013-09-15
"396","2 2013 western addition",4.45645458960521,"2","2013","western addition",47.9688986319625,2013-09-15
"397","2 2014 alamo square",2.50076338040128,"2","2014","alamo square",26.9180045897471,2014-09-15
"398","2 2014 bayview",2.2979525954526,"2","2014","bayview",24.7349665290959,2014-09-15
"399","2 2014 bernal",4.36284453378334,"2","2014","bernal",46.9612879431594,2014-09-15
"400","2 2014 candlestick point",2.68109125117592,"2","2014","candlestick point",28.859038472126,2014-09-15
"401","2 2014 castro",4.313059455754,"2","2014","castro",46.4254055924351,2014-09-15
"402","2 2014 CCSF",2.95454545454545,"2","2014","CCSF",31.8024762875844,2014-09-15
"403","2 2014 civic / van ness",4.65192146566544,"2","2014","civic / van ness",50.0728874811948,2014-09-15
"404","2 2014 cole valley",3.79232813245556,"2","2014","cole valley",40.8202978639609,2014-09-15
"405","2 2014 diamond heights",3.18651738023466,"2","2014","diamond heights",34.2994023899622,2014-09-15
"406","2 2014 downtown",2.85625,"2","2014","downtown",30.7444323649398,2014-09-15
"407","2 2014 excelsior / outer mission",2.64677791128249,"2","2014","excelsior / outer mission",28.4896925963907,2014-09-15
"408","2 2014 financial district",4.57420260867517,"2","2014","financial district",49.2363283066765,2014-09-15
"409","2 2014 glen park",3.35798752834467,"2","2014","glen park",36.145092498032,2014-09-15
"410","2 2014 haight ashbury",3.07382312085198,"2","2014","haight ashbury",33.0863709552112,2014-09-15
"411","2 2014 hayes valley",4.18202489143252,"2","2014","hayes valley",45.01496067331,2014-09-15
"412","2 2014 ingleside",3.29872625426846,"2","2014","ingleside",35.5072091780509,2014-09-15
"413","2 2014 inner richmond",3.35745164412352,"2","2014","inner richmond",36.1393242857983,2014-09-15
"414","2 2014 inner sunset",2.55367275001421,"2","2014","inner sunset",27.4875165496724,2014-09-15
"415","2 2014 lakeshore",4.75124732715609,"2","2014","lakeshore",51.1420226166657,2014-09-15
"416","2 2014 lower haight",4.28214285714286,"2","2014","lower haight",46.0926219513133,2014-09-15
"417","2 2014 lower pac hts",4.06583623560205,"2","2014","lower pac hts",43.7643158520398,2014-09-15
"418","2 2014 marina / cow hollow",4.06422599332677,"2","2014","marina / cow hollow",43.7469833409768,2014-09-15
"419","2 2014 mission district",3.73595679144846,"2","2014","mission district",40.2135215380392,2014-09-15
"420","2 2014 nob hill",4.81060837060528,"2","2014","nob hill",51.7809798457022,2014-09-15
"421","2 2014 noe valley",4.07423806479985,"2","2014","noe valley",43.8547524277994,2014-09-15
"422","2 2014 NOPA",4.08695652173913,"2","2014","NOPA",43.991652817876,2014-09-15
"423","2 2014 north beach / telegraph hill",4.48328002453673,"2","2014","north beach / telegraph hill",48.2576453347764,2014-09-15
"424","2 2014 outer sunset",3.40565289096816,"2","2014","outer sunset",36.658158412195,2014-09-15
"425","2 2014 pacific heights",4.12049792756469,"2","2014","pacific heights",44.3526896608795,2014-09-15
"426","2 2014 parkside",4.16080659154389,"2","2014","parkside",44.7865686957783,2014-09-15
"427","2 2014 portola",2.62475033491658,"2","2014","portola",28.2525896356046,2014-09-15
"428","2 2014 potrero hill",3.85723231824988,"2","2014","potrero hill",41.5189210063171,2014-09-15
"429","2 2014 presidio hts / laurel hts / lake st",4.38905625583257,"2","2014","presidio hts / laurel hts / lake st",47.2434286926426,2014-09-15
"430","2 2014 russian hill",4.32849691486846,"2","2014","russian hill",46.5915730909492,2014-09-15
"431","2 2014 san francisco",2.53222633723501,"2","2014","san francisco",27.2566691843645,2014-09-15
"432","2 2014 sea cliff",2.5189928677547,"2","2014","sea cliff",27.114225243046,2014-09-15
"433","2 2014 SOMA / south beach",4.64876140735791,"2","2014","SOMA / south beach",50.0388728820157,2014-09-15
"434","2 2014 tenderloin",4.29982116164852,"2","2014","tenderloin",46.2829097192611,2014-09-15
"435","2 2014 USF / anza vista",4.08982401041225,"2","2014","USF / anza vista",44.0225182223636,2014-09-15
"436","2 2014 visitacion valley",2.31430076628352,"2","2014","visitacion valley",24.9109368511622,2014-09-15
"437","2 2014 west portal / forest hills",2.26461364085126,"2","2014","west portal / forest hills",24.3761088538719,2014-09-15
"438","2 2015 alamo square",4.84387424492897,"2","2015","alamo square",52.1390508910258,2015-09-15
"439","2 2015 bayview",3.58423746271687,"2","2015","bayview",38.5804275719499,2015-09-15
"440","2 2015 bernal",4.38297448165869,"2","2015","bernal",47.1779649920745,2015-09-15
"441","2 2015 castro",4.44384643394941,"2","2015","castro",47.8331855155314,2015-09-15
"442","2 2015 CCSF",4.18502202643172,"2","2015","CCSF",45.0472215798383,2015-09-15
"443","2 2015 civic / van ness",4.86660094349501,"2","2015","civic / van ness",52.3836791437845,2015-09-15
"444","2 2015 cole valley",4.45603886853887,"2","2015","cole valley",47.9644238457194,2015-09-15
"445","2 2015 diamond heights",4.12087262105763,"2","2015","diamond heights",44.3567228298078,2015-09-15
"446","2 2015 downtown",4.04456254272044,"2","2015","downtown",43.5353276290371,2015-09-15
"447","2 2015 excelsior / outer mission",3.42468499427262,"2","2015","excelsior / outer mission",36.8630183554097,2015-09-15
"448","2 2015 financial district",4.637102345799,"2","2015","financial district",49.9133757338192,2015-09-15
"449","2 2015 glen park",3.43647978892787,"2","2015","glen park",36.9899765231249,2015-09-15
"450","2 2015 haight ashbury",3.27473699255768,"2","2015","haight ashbury",35.2489908028554,2015-09-15
"451","2 2015 hayes valley",5.23702304872035,"2","2015","hayes valley",56.3708712175102,2015-09-15
"452","2 2015 ingleside",3.63256038344451,"2","2015","ingleside",39.1005713856873,2015-09-15
"453","2 2015 inner richmond",3.39448306986729,"2","2015","inner richmond",36.5379274067284,2015-09-15
"454","2 2015 inner sunset",3.78498217800925,"2","2015","inner sunset",40.741226634331,2015-09-15
"455","2 2015 lower haight",5.55973692470516,"2","2015","lower haight",59.8445359644485,2015-09-15
"456","2 2015 lower pac hts",5.18330720918389,"2","2015","lower pac hts",55.7926784838368,2015-09-15
"457","2 2015 marina / cow hollow",4.75105127123442,"2","2015","marina / cow hollow",51.1399122873795,2015-09-15
"458","2 2015 mission district",4.59010387428599,"2","2015","mission district",49.4074881789177,2015-09-15
"459","2 2015 nob hill",5.85842999495272,"2","2015","nob hill",63.0596427989701,2015-09-15
"460","2 2015 noe valley",4.61216791263999,"2","2015","noe valley",49.6449836134462,2015-09-15
"461","2 2015 NOPA",4.77003599848427,"2","2015","NOPA",51.3442622787668,2015-09-15
"462","2 2015 north beach / telegraph hill",5.37362358276644,"2","2015","north beach / telegraph hill",57.8412277619285,2015-09-15
"463","2 2015 outer sunset",3.5336197539959,"2","2015","outer sunset",38.035582855192,2015-09-15
"464","2 2015 pacific heights",4.42841187376174,"2","2015","pacific heights",47.6670492208189,2015-09-15
"465","2 2015 parkside",4.0244331351983,"2","2015","parkside",43.3186563964382,2015-09-15
"466","2 2015 portola",3.3149755058626,"2","2015","portola",35.6821147418555,2015-09-15
"467","2 2015 potrero hill",4.28458886954721,"2","2015","potrero hill",46.1189506210479,2015-09-15
"468","2 2015 presidio hts / laurel hts / lake st",3.75888543274907,"2","2015","presidio hts / laurel hts / lake st",40.460323485238,2015-09-15
"469","2 2015 russian hill",5.01419879315274,"2","2015","russian hill",53.9724098592375,2015-09-15
"470","2 2015 san francisco",3.03402823273311,"2","2015","san francisco",32.6580221600283,2015-09-15
"471","2 2015 sea cliff",2.97373345780034,"2","2015","sea cliff",32.0090143246218,2015-09-15
"472","2 2015 SOMA / south beach",4.99163842884643,"2","2015","SOMA / south beach",53.7295720143207,2015-09-15
"473","2 2015 tenderloin",5.12606221541128,"2","2015","tenderloin",55.176498233763,2015-09-15
"474","2 2015 USF / anza vista",3.91239316239316,"2","2015","USF / anza vista",42.1126676468269,2015-09-15
"475","2 2015 visitacion valley",2.51339285714286,"2","2015","visitacion valley",27.0539472045344,2015-09-15
"476","2 2015 west portal / forest hills",2.85903875094056,"2","2015","west portal / forest hills",30.7744502431628,2015-09-15
"477","2 2015 western addition",4.59602737853678,"2","2015","western addition",49.4712482754786,2015-09-15
"478","2 2016 alamo square",3.61111111111111,"2","2016","alamo square",38.8696932403809,2016-09-15
"479","2 2016 bayview",3.43398823527573,"2","2016","bayview",36.9631576512678,2016-09-15
"480","2 2016 bernal",3.88020453916538,"2","2016","bernal",41.7661920407885,2016-09-15
"481","2 2016 castro",4.66377703108599,"2","2016","castro",50.2004997802654,2016-09-15
"482","2 2016 CCSF",3.07892100853217,"2","2016","CCSF",33.1412441851411,2016-09-15
"483","2 2016 civic / van ness",4.54151246481999,"2","2016","civic / van ness",48.8844543752085,2016-09-15
"484","2 2016 cole valley",4.29230076617372,"2","2016","cole valley",46.2019608212191,2016-09-15
"485","2 2016 downtown",3.08291805890781,"2","2016","downtown",33.1842680958398,2016-09-15
"486","2 2016 excelsior / outer mission",4.52637185979361,"2","2016","excelsior / outer mission",48.721482188881,2016-09-15
"487","2 2016 financial district",5.07300437596136,"2","2016","financial district",54.6053881571247,2016-09-15
"488","2 2016 glen park",3.93202947615335,"2","2016","glen park",42.32403126006,2016-09-15
"489","2 2016 haight ashbury",3.33250253669188,"2","2016","haight ashbury",35.8707742128014,2016-09-15
"490","2 2016 hayes valley",5.44705891714453,"2","2016","hayes valley",58.6316794629294,2016-09-15
"491","2 2016 ingleside",3.55889639171479,"2","2016","ingleside",38.3076584363776,2016-09-15
"492","2 2016 inner richmond",3.65740142783515,"2","2016","inner richmond",39.3679582772908,2016-09-15
"493","2 2016 inner sunset",3.23853574962476,"2","2016","inner sunset",34.8593236991783,2016-09-15
"494","2 2016 lower haight",4.43160356735707,"2","2016","lower haight",47.7014043395484,2016-09-15
"495","2 2016 lower pac hts",4.12924160542268,"2","2016","lower pac hts",44.4468058665778,2016-09-15
"496","2 2016 marina / cow hollow",4.60742694271023,"2","2016","marina / cow hollow",49.5939522158621,2016-09-15
"497","2 2016 mission district",3.6978193274352,"2","2016","mission district",39.8030131151329,2016-09-15
"498","2 2016 nob hill",4.83872430954044,"2","2016","nob hill",52.0836174239846,2016-09-15
"499","2 2016 noe valley",4.34933458946509,"2","2016","noe valley",46.8158680501716,2016-09-15
"500","2 2016 NOPA",3.73670961838271,"2","2016","NOPA",40.2216249032077,2016-09-15
"501","2 2016 north beach / telegraph hill",4.77797589484257,"2","2016","north beach / telegraph hill",51.4297266486827,2016-09-15
"502","2 2016 outer richmond",2.89655172413793,"2","2016","outer richmond",31.1782366999767,2016-09-15
"503","2 2016 outer sunset",3.18251613787355,"2","2016","outer sunset",34.256333357088,2016-09-15
"504","2 2016 pacific heights",4.49960762935058,"2","2016","pacific heights",48.433394285982,2016-09-15
"505","2 2016 parkside",3.53628232175932,"2","2016","parkside",38.0642425084155,2016-09-15
"506","2 2016 portola",2.37874895572264,"2","2016","portola",25.6046516874874,2016-09-15
"507","2 2016 potrero hill",4.51345900756079,"2","2016","potrero hill",48.5824893443784,2016-09-15
"508","2 2016 presidio hts / laurel hts / lake st",4.16927766515632,"2","2016","presidio hts / laurel hts / lake st",44.8777506125348,2016-09-15
"509","2 2016 russian hill",5.031294524963,"2","2016","russian hill",54.1564268641809,2016-09-15
"510","2 2016 san francisco",3.54857876540787,"2","2016","san francisco",38.19660038328,2016-09-15
"511","2 2016 sea cliff",3.45935146160563,"2","2016","sea cliff",37.2361652649067,2016-09-15
"512","2 2016 SOMA / south beach",4.92303482909893,"2","2016","SOMA / south beach",52.9911286944332,2016-09-15
"513","2 2016 tenderloin",4.57674259260993,"2","2016","tenderloin",49.2636684779816,2016-09-15
"514","2 2016 twin peaks",3.95448304417343,"2","2016","twin peaks",42.565719558824,2016-09-15
"515","2 2016 USF / anza vista",4.21952380952381,"2","2016","USF / anza vista",45.4185958421559,2016-09-15
"516","2 2016 visitacion valley",2.77302243199421,"2","2016","visitacion valley",29.8485778930089,2016-09-15
"517","2 2016 west portal / forest hills",3.19500003295508,"2","2016","west portal / forest hills",34.3907089432535,2016-09-15
"518","2 2016 western addition",1.56739811912226,"2","2016","western addition",16.8713402056151,2016-09-15
"519","2 2017 alamo square",4.9875,"2","2017","alamo square",53.6850263177723,2017-09-15
"520","2 2017 bayview",3.99519815772361,"2","2017","bayview",43.0039735823774,2017-09-15
"521","2 2017 bernal",4.74,"2","2017","bernal",51.0209573426047,2017-09-15
"522","2 2017 castro",5.01381356912492,"2","2017","castro",53.9682633405264,2017-09-15
"523","2 2017 CCSF",4.0546357615894,"2","2017","CCSF",43.6437549012347,2017-09-15
"524","2 2017 civic / van ness",4.52173974444665,"2","2017","civic / van ness",48.6716224927791,2017-09-15
"525","2 2017 diamond heights",2.65625,"2","2017","diamond heights",28.5916493547033,2017-09-15
"526","2 2017 excelsior / outer mission",3.08229225818664,"2","2017","excelsior / outer mission",33.1775320300382,2017-09-15
"527","2 2017 financial district",4.75943485738006,"2","2017","financial district",51.2301524964755,2017-09-15
"528","2 2017 glen park",3.95,"2","2017","glen park",42.5174644521705,2017-09-15
"529","2 2017 hayes valley",6.47541533201139,"2","2017","hayes valley",69.7008205548948,2017-09-15
"530","2 2017 ingleside",3.2655506596578,"2","2017","ingleside",35.1501098958893,2017-09-15
"531","2 2017 inner richmond",4.25,"2","2017","inner richmond",45.7466389675253,2017-09-15
"532","2 2017 inner sunset",3.89329329329329,"2","2017","inner sunset",41.9070782783472,2017-09-15
"533","2 2017 lakeshore",3.26635956332429,"2","2017","lakeshore",35.1588168662399,2017-09-15
"534","2 2017 lower haight",5.38260869565217,"2","2017","lower haight",57.9379427537558,2017-09-15
"535","2 2017 lower pac hts",5.12009615731566,"2","2017","lower pac hts",55.1122800912313,2017-09-15
"536","2 2017 marina / cow hollow",4.76820796393851,"2","2017","marina / cow hollow",51.3245854702056,2017-09-15
"537","2 2017 mission district",5.28100133203461,"2","2017","mission district",56.8442497232017,2017-09-15
"538","2 2017 nob hill",4.97894387747288,"2","2017","nob hill",53.5929289417229,2017-09-15
"539","2 2017 noe valley",6.83333333333333,"2","2017","noe valley",73.5534195164132,2017-09-15
"540","2 2017 NOPA",3.98171052631579,"2","2017","NOPA",42.858793863662,2017-09-15
"541","2 2017 north beach / telegraph hill",5.50166666666667,"2","2017","north beach / telegraph hill",59.2194726399219,2017-09-15
"542","2 2017 outer sunset",3.82515151515152,"2","2017","outer sunset",41.1736059669926,2017-09-15
"543","2 2017 pacific heights",4.43339417558746,"2","2017","pacific heights",47.7206782944303,2017-09-15
"544","2 2017 parkside",4.22673453561547,"2","2017","parkside",45.4962114852639,2017-09-15
"545","2 2017 portola",3.49019607843137,"2","2017","portola",37.5681741002053,2017-09-15
"546","2 2017 potrero hill",5.69098262242762,"2","2017","potrero hill",61.2572535055662,2017-09-15
"547","2 2017 presidio hts / laurel hts / lake st",3.11766917293233,"2","2017","presidio hts / laurel hts / lake st",33.5583261351338,2017-09-15
"548","2 2017 russian hill",4.74142720764898,"2","2017","russian hill",51.0363196844987,2017-09-15
"549","2 2017 san francisco",2.97244380178756,"2","2017","san francisco",31.995132576855,2017-09-15
"550","2 2017 sea cliff",2.90072290930506,"2","2017","sea cliff",31.2231349827784,2017-09-15
"551","2 2017 SOMA / south beach",4.88114429877504,"2","2017","SOMA / south beach",52.5402225845779,2017-09-15
"552","2 2017 tenderloin",4.68274677411438,"2","2017","tenderloin",50.4046884827657,2017-09-15
"553","2 2017 USF / anza vista",3.20190476190476,"2","2017","USF / anza vista",34.4650308591193,2017-09-15
"554","2 2017 visitacion valley",3.16221341119202,"2","2017","visitacion valley",34.0377965317807,2017-09-15
"555","2 2017 west portal / forest hills",7.95454545454545,"2","2017","west portal / forest hills",85.6220515434965,2017-09-15
"556","2 2018 diamond heights",2.82258064516129,"2","2018","diamond heights",30.3820182896278,2018-09-15
"557","2 2018 financial district",5.81451612903226,"2","2018","financial district",62.5869576766332,2018-09-15
"558","2 2018 hayes valley",4.49905482041588,"2","2018","hayes valley",48.4274438975693,2018-09-15
"559","2 2018 ingleside",3.35776417525773,"2","2018","ingleside",36.1426883443778,2018-09-15
"560","2 2018 nob hill",4.995,"2","2018","nob hill",53.7657556806562,2018-09-15
"561","2 2018 potrero hill",2.74392361111111,"2","2018","potrero hill",29.5353606569337,2018-09-15
"562","2 2018 russian hill",5.99916666666667,"2","2018","russian hill",64.5745203778852,2018-09-15
"563","2 2018 san francisco",2.52631578947368,"2","2018","san francisco",27.1930485503556,2018-09-15
"564","2 2018 SOMA / south beach",4.26859508853351,"2","2018","SOMA / south beach",45.9467949208692,2018-09-15
"565","2 2018 western addition",4.47388535031847,"2","2018","western addition",48.1565218595575,2018-09-15
